-- phpMyAdmin SQL Dump
-- version 5.2.1
-- https://www.phpmyadmin.net/
--
-- Host: 127.0.0.1
-- Generation Time: Dec 19, 2025 at 02:36 AM
-- Server version: 10.4.32-MariaDB
-- PHP Version: 8.2.12

SET SQL_MODE = "NO_AUTO_VALUE_ON_ZERO";
START TRANSACTION;
SET time_zone = "+00:00";


/*!40101 SET @OLD_CHARACTER_SET_CLIENT=@@CHARACTER_SET_CLIENT */;
/*!40101 SET @OLD_CHARACTER_SET_RESULTS=@@CHARACTER_SET_RESULTS */;
/*!40101 SET @OLD_COLLATION_CONNECTION=@@COLLATION_CONNECTION */;
/*!40101 SET NAMES utf8mb4 */;

--
-- Database: `barang_persediaan`
--

-- --------------------------------------------------------

--
-- Table structure for table `barang_atk`
--

CREATE TABLE `barang_atk` (
  `id_barang` int(11) NOT NULL,
  `kode_barang` text DEFAULT NULL,
  `nama_barang_sakti` text DEFAULT NULL,
  `nama_barang` text NOT NULL,
  `kategori` text DEFAULT NULL,
  `satuan` text NOT NULL
) ENGINE=InnoDB DEFAULT CHARSET=utf8mb4 COLLATE=utf8mb4_general_ci;

--
-- Dumping data for table `barang_atk`
--

INSERT INTO `barang_atk` (`id_barang`, `kode_barang`, `nama_barang_sakti`, `nama_barang`, `kategori`, `satuan`) VALUES
(1, '1010301001000001', 'BALLPOINT', 'PULPEN STANDARD AE7 ZYRCON BALL', 'ALAT TULIS', 'BUAH'),
(2, '1010301001000016', 'PENSIL 2B', 'PENSIL 2B KENKO', 'ALAT TULIS', 'BUAH'),
(3, '1010301001000030', 'Pulpen Standard Boldliner', 'PULPEN STANDARD BOLDLINER PRO 0.8', 'ALAT TULIS', 'BUAH'),
(4, '1010301001000157', 'ZEBRA HANNA PEN', 'PULPEN ZEBRA HANA 4C', 'ALAT TULIS', 'BUAH'),
(5, '1010301003000004', 'PAPER CLIPS NO. 3', 'TRIGONAL PAPER CLIPS KENKO NO.3', 'PENJEPIT KERTAS', 'BOX'),
(6, '1010301003000004', 'PAPER CLIPS NO. 3', 'TRIGONAL PAPER CLIPS ZRM NO.3', 'PENJEPIT KERTAS', 'BOX'),
(7, '1010301003000013', 'Binder Clip 200 Dos', 'BINDER CLIPS KENKO NO.200', 'PENJEPIT KERTAS', 'BOX'),
(8, '1010301003000014', 'Binder Clip 260 Dos', 'BINDER CLIPS KENKO NO.260', 'PENJEPIT KERTAS', 'BOX'),
(9, '1010301003000045', 'BINDERCLIPS NO 107', 'BINDER CLIPS KENKO NO.107', 'PENJEPIT KERTAS', 'BOX'),
(10, '1010301003000058', 'Binder Clips ZRM No.111', 'BINDER CLIPS KENKO NO.111', 'PENJEPIT KERTAS', 'BOX'),
(11, '1010301004000028', 'Penghapus Staedtler Rasoplast Putih', 'PENGHAPUS PENSIL STAEDTLER RASOPLAST', 'PENGHAPUS', 'BUAH'),
(12, '1010301006000014', 'Map BPS A4', 'MAP BPS ST2023', 'ORDNER & MAP', 'BUAH'),
(13, '1010301006000016', 'Map Tali Plastik', 'MAP TALI PLASTIK', 'ORDNER & MAP', 'BUAH'),
(14, '1010301006000097', 'ODNER FILE 7CM', 'ORDNER 70 MM', 'ORDNER & MAP', 'BUAH'),
(15, '1010301007000005', 'Penggaris Kenko Besi 60cm', 'PENGGARIS KENKO BESI 50 CM', 'PENGGARIS', 'BUAH'),
(16, '1010301008000001', 'Cutter', 'CUTTER OFFICEPLUS', 'CUTTER', 'BUAH'),
(17, '1010301008000002 / 1010301008000015', 'Isi Cutter / Isi Silet Kenko L-150', 'ISI CUTTER JOYKO L-150', 'CUTTER', 'PACK'),
(18, '1010301008000013', 'Rautan ZRM Kecil', 'RAUTAN KECIL WARNA ZRM', 'RAUTAN', 'BUAH'),
(19, '1010301010000009', 'Double Tape', 'DOUBLE TIP OFFICEPLUS', 'ALAT PEREKAT', 'ROL'),
(20, '1010301010000014', 'Lakban Hitam', 'LAKBAN BESAR HITAM', 'ALAT PEREKAT', 'ROL'),
(21, '1010301010000015 / 1010301010000031', 'Lakban Daimaru / Selotip Goldfox Besar Bening', 'LAKBAN BESAR BENING', 'ALAT PEREKAT', 'ROL'),
(22, '1010301012000013', 'Stapler HD-10', 'STAPLER HD-10 GREEBEL', 'STAPLER', 'BUAH'),
(23, '1010301013000018', 'STAPLER HD-45', 'ISI STAPLES JOYKO NO.10', 'ISI STAPLES', 'BOX'),
(24, '1010301013000021', 'ISI STAPLES NO.3', 'ISI STAPLES ZRM NO.3', 'ISI STAPLES', 'BOX'),
(25, '1010301014000042', 'Leaflet ST2023', 'LEAFLET ST2023', 'BARANG ST23', 'BUAH'),
(26, '1010301999000001', 'Gunting Besar', 'GUNTING ZRM', 'ATK LAINNYA', 'BUAH'),
(27, '1010301999000035', 'Pronto Mark N Notes', 'PAGE MARKER PRONTO 5 COLOURS', 'ATK LAINNYA', 'PCS'),
(28, '1010301999000061', 'POST IT 3M JOYKO', 'POST-IT STICKY NOTES', 'ATK LAINNYA', 'PCS'),
(29, '1010302001000019', 'KERTAS HVS A4', 'KERTAS HVS A4', 'KERTAS HVS', 'RIM'),
(30, '1010302001000023', 'KERTAS HVS F4', 'KERTAS HVS F4', 'KERTAS HVS', 'RIM'),
(31, '1010304004000077', 'Cartridge Original HP CF289A', 'CARTRIDGE TONER CF289A HP', 'TINTA/TONER PRINTER', 'BUAH'),
(32, '1010304004000078', 'Tinta Epson 774 L1455 Original Hitam', 'TINTA EPSON 774 BLACK', 'TINTA/TONER PRINTER', 'BOTOL'),
(33, '1010304004000099', 'TINTA EPSON L1110 MAGENTA 21', 'TINTA EPSON 003 MAGENTA', 'TINTA/TONER PRINTER', 'BOTOL'),
(34, '1010304004000104', 'Tinta Epson 003 L1110 Original Cyan', 'TINTA EPSON 003 CYAN', 'TINTA/TONER PRINTER', 'BOTOL'),
(35, '1010304004000105', 'Tinta Epson 003 L1110 Original Yellow', 'TINTA EPSON 003 YELLOW', 'TINTA/TONER PRINTER', 'BOTOL'),
(36, '1010304004000120', 'CARTIDGE COMPATIBLE CF 298A', 'CARTRIDGE TONER COMPT-CF298A', 'TINTA/TONER PRINTER', 'BUAH'),
(37, '1010304004000124', 'Tinta Epson L1455 Yellow', 'TINTA EPSON 664 YELLOW', 'TINTA/TONER PRINTER', 'BOTOL'),
(38, '1010304004000125', 'Tinta Epson L1455 Cyan', 'TINTA EPSON 664 CYAN', 'TINTA/TONER PRINTER', 'BOTOL'),
(39, '1010304004000126', 'Tinta Epson L1455 Magenta', 'TINTA EPSON 664 MAGENTA', 'TINTA/TONER PRINTER', 'BOTOL'),
(40, '1010304004000127', 'Cartridge Compatible CE505A', 'CARTRIDGE TONER COMPT-CE505A', 'TINTA/TONER PRINTER', 'BUAH'),
(41, '1010304004000129', 'Cartridge Compatible Canon 326', 'CARTRIDGE TONER CANON 326', 'TINTA/TONER PRINTER', 'BUAH'),
(42, '1010304004000133', 'Cartridge Original Canon 731 Black', 'CARTRIDGE ORIGINAL CANON 731 BLACK', 'TINTA/TONER PRINTER', 'BUAH'),
(43, '1010304004000138', 'Cartridge Compatible Canon 731 Black', 'CARTRIDGE TONER COMPT-CANON 731 BLACK', 'TINTA/TONER PRINTER', 'BUAH'),
(44, '1010304004000144', 'CATRIDGE COMPATIBLE HP LJ M102/CF217A', 'CARTRIDGE TONER COMPT-CF217A', 'TINTA/TONER PRINTER', 'BUAH'),
(45, '1010304004000146', 'TINTA EPSON 003 L1100 SERIES BLACK', 'TINTA EPSON 003 BLACK', 'TINTA/TONER PRINTER', 'BOTOL'),
(46, '1010304004000147', 'TINTA EPSON 008 CYAN', 'TINTA EPSON 008 CYAN', 'TINTA/TONER PRINTER', 'BOTOL'),
(47, '1010304004000148', 'TINTA EPSON 008 BLACK', 'TINTA EPSON 008 BLACK', 'TINTA/TONER PRINTER', 'BOTOL'),
(48, '1010304004000149', 'TINTA EPSON 008 MAGENTA', 'TINTA EPSON 008 MAGENTA', 'TINTA/TONER PRINTER', 'BOTOL'),
(49, '1010304004000150', 'TINTA EPSON 008 YELLOW', 'TINTA EPSON 008 YELLOW', 'TINTA/TONER PRINTER', 'BOTOL'),
(50, '1010304999000015', 'Keyboard M-Tech MTK-02 Wire', 'KEYBOARD M-TECH MTK-02', 'BAHAN KOMPUTER', 'BUAH'),
(51, '1010305001000001', 'Sapu Lantai Plastik', 'SAPU LANTAI', 'ALAT PEMBERSIH', 'BUAH'),
(52, '1010305001000003', 'Pel Lantai', 'PEL LANTAI', 'ALAT PEMBERSIH', 'BUAH'),
(53, '1010305002000013', 'NAGATA PEL LANTAI21', 'SIKAT LANTAI NAGATA', 'ALAT PEMBERSIH', 'BUAH'),
(54, '1010305004000009', 'TEMPAT SAMPAH', 'TEMPAT SAMPAH', 'ALAT PEMBERSIH', 'BUAH'),
(55, '1010305008000003', 'PEMBERSIH KACA', 'PEMBERSIH KACA INDOMARET', 'BAHAN PEMBERSIH', 'BOTOL'),
(56, '1010305008000005', 'SABUN CUCI PIRING', 'SABUN CUCI PIRING MAMA LEMON', 'BAHAN PEMBERSIH', 'PCS'),
(57, '1010305008000040', 'Handwash', 'HAND SOAP YURI', 'BAHAN PEMBERSIH', 'PCS'),
(58, '1010305008000070', 'PORSTEX BOTOL 1L', 'PEMBERSIH POSELEN & KERAMIK YURI PORSTEX', 'BAHAN PEMBERSIH', 'BOTOL'),
(59, '1010305008000085', 'PEMBERSIH LANTAI SUPER PELL', 'PEMBERSIH LANTAI SUPERPEL', 'BAHAN PEMBERSIH', 'BOTOL'),
(60, '1010305009000015', 'Tea Set', 'TEA SET NIKURA', 'ALAT MAKAN & MINUM', 'SET'),
(61, '1010305009000016', 'Cangkir Lepek', 'SET CANGKIR & PIRING', 'ALAT MAKAN & MINUM', 'SET'),
(62, '1010305012000001', 'KAMPER', 'KAMPER TOILET INDOMARET', 'PENGHARUM RUANGAN', 'PACK'),
(63, '1010305012000002', 'PENGHARUM RUANGAN GANTUNG', 'PENGHARUM RUANGAN GLADE AIR FRESHENER', 'PENGHARUM RUANGAN', 'PCS'),
(64, '1010305012000004', 'Pengharum Ruangan Stella Botol 225ml', 'PENGHARUM RUANGAN STELLA BOTOL', 'PENGHARUM RUANGAN', 'BOTOL'),
(65, '1010305012000005', 'PENGHARUM STELLA GANTUNG', 'PENGHARUM RUANGAN STELLA AIR FRESHENER', 'PENGHARUM RUANGAN', 'PCS'),
(66, '1010305012000006', 'KAMPER SWALOW', 'KAMPER TOILET SWALLOW', 'PENGHARUM RUANGAN', 'PACK'),
(67, '1010305012000021 / 1010305008000092', 'Pengharum Ruangan Dahlia21 / Dahlia pengharum ruangan', 'PENGHARUM RUANGAN DAHLIA AIR FRESHENER', 'PENGHARUM RUANGAN', 'PCS'),
(68, '1010305012000025', 'KAMPER DAHLIA', 'KAMPER TOILET DAHLIA', 'PENGHARUM RUANGAN', 'PACK'),
(69, '1010305012000033', 'STELLA AIO MULTIPACK 3\'', 'STELLA AIO MULTIPACK', 'PENGHARUM RUANGAN', 'PACK'),
(70, '1010305012000036', 'Pengharum Ruangan Spray', 'PENGHARUM RUANGAN GLADE REFILL', 'PENGHARUM RUANGAN', 'BOTOL'),
(71, '1010305999000040', 'TISSUE NICE21', 'TISU 200S', 'PERLENGKAPAN LAINNYA', 'BUAH'),
(72, '1010305999000062', 'KANTONG/PLASTIK SAMPAH', 'KANTONG PLASTIK', 'PERLENGKAPAN LAINNYA', 'BUAH'),
(73, '1010306010000006', 'BATERAI MIC', 'BATERAI MIC ENERGIZER MAX', 'BATU BATERAI', 'BUAH'),
(74, '1010306010000009', 'BATEREI ABC AAA', 'BATERAI AAA ENERGIZER MAX', 'BATU BATERAI', 'BUAH'),
(75, '1010306010000012', 'Baterai ABC Drycell C', 'BATERAI ABC NEW SPECIAL', 'BATU BATERAI', 'BUAH'),
(76, '1010306010000014', 'ALKALINE BATEREI AAA', 'BATERAI AAA ABC ALKALINE', 'BATU BATERAI', 'BUAH'),
(77, '1010309999000008', 'Taplak Meja PVC 30x45cm', 'TAPLAK MEJA', 'ALAT PEMBERSIH', 'BUAH'),
(78, '1010309999000012', 'BUKU KERJA 2023', 'BUKU KERJA 2023', 'ATK LAINNYA', 'BUKU'),
(79, '1010309999000014', 'Tissue 250S', 'TISU 250S', 'PERLENGKAPAN LAINNYA', 'BUAH'),
(80, '1010310999000001', 'kabel jaringan', 'KABEL JARINGAN', 'PERLENGKAPAN LAINNYA', 'DUS'),
(81, '1010399999000003', 'SPON', 'SPON POLYTEX', 'ALAT PEMBERSIH', 'BUAH'),
(82, '1010399999000131', 'Mug Keramik SP2020', 'MUG KERAMIK SP2020', 'BARANG SP2020', 'BUAH'),
(83, '1010399999000216', 'IBS AMPLOP COKLAT BESAR (1)', 'IBS AMPLOP COKLAT BESAR', 'ATK LAINNYA', 'SET'),
(84, '1010399999000286', 'KUESIONER ST23-L2 UTP', 'KUESIONER ST23-L2 UTP', 'BARANG ST23', 'SET'),
(85, '1010399999000287', 'BUKU PED ST2023-UTP 2A.1', 'BUKU PED ST2023-UTP 2A.1', 'BARANG ST23', 'BUKU'),
(86, '1010399999000288', 'BUKU PED ST2023-UTP 3A.1', 'BUKU PED ST2023-UTP 3A.1', 'BARANG ST23', 'BUKU'),
(87, '1010399999000289', 'KUESIONER ST2023-UPB L2', 'KUESIONER ST2023-UPB L2', 'BARANG ST23', 'SET'),
(88, '1010399999000290', 'KUESIONER ST2023-UTL L2', 'KUESIONER ST2023-UTL L2', 'BARANG ST23', 'SET'),
(89, '1010399999000295', 'PENSIL ST23', 'PENSIL ST23', 'BARANG ST23', 'BUAH'),
(90, '1010399999000296', 'Block NoteST23', 'BLOCK NOTEST23', 'BARANG ST23', 'BUAH'),
(91, '1010399999000297', 'Peruncing ST23', 'PERUNCING ST23', 'BARANG ST23', 'BUAH'),
(92, '1010399999000298', 'BallpointST23', 'BALLPOINTST23', 'BARANG ST23', 'BUAH'),
(93, '1010399999000299', 'Penghapus ST23', 'PENGHAPUS ST23', 'BARANG ST23', 'BUAH'),
(94, '1010399999000300', 'Clipboard ST23', 'CLIPBOARD ST23', 'BARANG ST23', 'BUAH'),
(95, '1010399999000301', 'Goodiebag Sablon ST23', 'GOODIEBAG SABLON ST23', 'BARANG ST23', 'BUAH'),
(96, '1010399999000302', 'ID Card ST23', 'ID CARD ST23', 'BARANG ST23', 'BUAH'),
(97, '1010399999000303', 'Tali ID Card ST23', 'TALI ID CARD ST23', 'BARANG ST23', 'BUAH'),
(98, '1010399999000304', 'Topi Petugas ST23', 'TOPI PETUGAS ST23', 'BARANG ST23', 'BUAH'),
(99, 'NULL', 'NULL', 'KALENDER DINDING 2024', 'NULL', 'BUAH'),
(100, 'NULL', 'NULL', 'KALENDER MEJA 2024', 'NULL', 'BUAH'),
(101, 'NULL', 'NULL', 'BUKU KERJA 2024', 'NULL', 'BUAH'),
(102, 'NULL', 'NULL', 'KUESIONER K SUSENAS', 'NULL', 'KUESIONER'),
(103, 'NULL', 'NULL', 'KUESIONER KP SUSENAS', 'NULL', 'KUESIONER'),
(104, 'NULL', 'NULL', 'KUESIONER SERUTI INTI', 'NULL', 'SET'),
(105, 'NULL', 'NULL', 'KUESIONER VSEN24.DSBS', 'NULL', 'SET'),
(106, 'NULL', 'NULL', 'KUESIONER VSEN24.P', 'NULL', 'SET'),
(107, 'NULL', 'NULL', 'KUESIONER VSEN24.DSRT', 'NULL', 'SET'),
(108, 'NULL', 'NULL', 'KUESIONER SP PALAWIJA UTAMA', 'NULL', 'KUESIONER'),
(109, 'NULL', 'NULL', 'KUESIONER SP PALAWIJA CADANGAN', 'NULL', 'KUESIONER'),
(110, 'NULL', 'NULL', 'KUESIONER SP-LAHAN UTAMA', 'NULL', 'KUESIONER'),
(111, 'NULL', 'NULL', 'KUESIONER SP-LAHAN CADANGAN', 'NULL', 'KUESIONER'),
(112, 'NULL', 'NULL', 'REKAP KAB/KOTA SP TANAMAN PANGAN', 'NULL', 'DOKUMEN'),
(113, 'NULL', 'NULL', 'CARTRIDGE TONER COMPT-CANON 731 YELLOW', 'NULL', 'BUAH'),
(114, 'NULL', 'NULL', 'TRIGONAL PAPER CLIPS ZRM NO.5', 'NULL', 'BUAH'),
(115, 'NULL', 'NULL', 'BINDER CLIP ZRM NO.111', 'NULL', 'BUAH'),
(116, 'NULL', 'NULL', 'PULPEN STANDARD P5 BLACK', 'NULL', 'PACK'),
(117, 'NULL', 'NULL', 'LEM KERTAS STICK BESAR', 'NULL', 'BUAH'),
(118, 'NULL', 'NULL', 'STABILO BOSS', 'NULL', 'BUAH'),
(119, 'NULL', 'NULL', 'BINDER CLIP ZRM NO.107', 'NULL', 'BUAH'),
(120, 'NULL', 'NULL', 'HAND SOAP INDOMARET', 'NULL', 'BUAH'),
(121, 'NULL', 'NULL', 'SIKAT WC', 'NULL', 'BUAH'),
(122, 'NULL', 'NULL', 'TEMPAT TISU BULAT', 'NULL', 'BUAH'),
(123, 'NULL', 'NULL', 'TEMPAT TISU KOTAK', 'NULL', 'BUAH'),
(124, 'NULL', 'NULL', 'BODY WASH', 'NULL', 'BUAH'),
(125, 'NULL', 'NULL', 'TISU TOILET PACK', 'NULL', 'PACK'),
(126, 'NULL', 'NULL', 'LAMPU LED 8W', 'NULL', 'BUAH'),
(127, 'NULL', 'NULL', 'TINTA EPSON 664 BLACK', 'NULL', 'BOTOL'),
(128, 'NULL', 'NULL', 'CARTRIDGE COMPATIBLE HP LASER JET 15A (C7115A)', 'NULL', 'BUAH'),
(129, 'NULL', 'NULL', 'CARTRIDGE TONER COMPATIBLE CE285A', 'NULL', 'BUAH'),
(130, 'NULL', 'NULL', 'CARTRIDGE TONER COMPATIBLE CF283A', 'NULL', 'BUAH'),
(131, 'NULL', 'NULL', 'CARTRIDGE TONER COMPATIBLE CB435A', 'NULL', 'BUAH'),
(132, 'NULL', 'NULL', 'CARTRIDGE TONER COMPATIBLE CE505X', 'NULL', 'BUAH'),
(133, 'NULL', 'NULL', 'CARTRIDGE TONER COMPATIBLE CE255A', 'NULL', 'BUAH'),
(134, 'NULL', 'NULL', 'CARTRIDGE TONER COMPATIBLE CF226A', 'NULL', 'BUAH'),
(135, 'NULL', 'NULL', 'CARTRIDGE TONER COMPATIBLE HP 90A', 'NULL', 'BUAH'),
(136, 'NULL', 'NULL', 'CARTRIDGE TONER COMPATIBLE HP 92A', 'NULL', 'BUAH'),
(137, 'NULL', 'NULL', 'CARTRIDGE TONER COMPATIBLE HP 103A', 'NULL', 'BUAH'),
(138, 'NULL', 'NULL', 'CARTRIDGE TONER COMPATIBLE HP 201A', 'NULL', 'BUAH'),
(139, 'NULL', 'NULL', 'TINTA BOTOL 70CC BLACK', 'NULL', 'BOTOL'),
(140, 'NULL', 'NULL', 'TINTA BOTOL 70CC CYAN', 'NULL', 'BOTOL'),
(141, 'NULL', 'NULL', 'TINTA BOTOL 70CC MAGENTA', 'NULL', 'BOTOL'),
(142, 'NULL', 'NULL', 'TINTA BOTOL 70CC YELLOW', 'NULL', 'BOTOL'),
(143, 'NULL', 'NULL', 'HEAD PRINTER T04D100', 'NULL', 'BUAH'),
(144, 'NULL', 'NULL', 'TONER CANON LBP 2900', 'NULL', 'BUAH'),
(145, 'NULL', 'NULL', 'HEAD PRINTER EPSON L1210', 'NULL', 'BUAH'),
(146, 'NULL', 'NULL', 'TONER CARTRIDGE FOR CANON LBP 6030', 'NULL', 'BUAH'),
(147, 'NULL', 'NULL', 'CARTRIDGE TONER COMPT-CANON 328', 'NULL', 'BUAH'),
(148, 'NULL', 'NULL', 'BATERAI ABC NEW SPECIAL (BIG)', 'NULL', 'BUAH'),
(149, 'NULL', 'NULL', 'TISU TOILET ROOL', 'NULL', 'ROL'),
(150, 'NULL', 'NULL', 'KABEL PRINTER USB', 'NULL', 'PCS'),
(151, 'NULL', 'NULL', 'TINTA PRINTER BROTHER BLACK', 'NULL', 'BOTOL'),
(152, 'NULL', 'NULL', 'TINTA PRINTER BROTHER CYAN', 'NULL', 'BOTOL'),
(153, 'NULL', 'NULL', 'TINTA PRINTER BROTHER MAGENTA', 'NULL', 'BOTOL'),
(154, 'NULL', 'NULL', 'TINTA PRINTER BROTHER YELLOW', 'NULL', 'BOTOL'),
(155, 'NULL', 'NULL', 'KERTAS FOTO GLOSSY A4', 'NULL', 'PACK'),
(156, 'NULL', 'NULL', 'BATERAI ABC NEW SPECIAL D', 'NULL', 'BUAH'),
(157, 'NULL', 'NULL', 'DISINFECTANT SPRAY', 'NULL', 'BOTOL'),
(158, 'NULL', 'NULL', 'HAND SANITIZER', 'NULL', 'BOTOL'),
(159, 'NULL', 'NULL', 'SABUN CUCI TANGAN', 'NULL', 'BOTOL'),
(160, 'NULL', 'NULL', 'MASKER DISPOSABLE 3 PLY', 'NULL', 'BOX'),
(161, 'NULL', 'NULL', 'DISINFECTANT WIPES', 'NULL', 'PAK'),
(162, 'NULL', 'NULL', 'OBAT NYAMUK SPRAY', 'NULL', 'KALENG'),
(163, 'NULL', 'NULL', 'OBAT NYAMUK ELEKTRIK REFILL', 'NULL', 'BOTOL'),
(164, 'NULL', 'NULL', 'DETERGENT BUBUK', 'NULL', 'PACK'),
(165, 'NULL', 'NULL', 'PEWANGI PAKAIAN', 'NULL', 'BOTOL'),
(166, 'NULL', 'NULL', 'AIR MINERAL 600 ML', 'NULL', 'DUS'),
(167, 'NULL', 'NULL', 'KOPI BUBUK SACHET', 'NULL', 'PACK'),
(168, 'NULL', 'NULL', 'TEH CELUP', 'NULL', 'BOX'),
(169, 'NULL', 'NULL', 'GULA PASIR', 'NULL', 'KG'),
(170, 'NULL', 'NULL', 'KRIMER KOPI SACHET', 'NULL', 'PACK'),
(171, 'NULL', 'NULL', 'PULPEN STANDARD AE7 HITAM', 'NULL', 'BUAH'),
(172, 'NULL', 'NULL', 'PULPEN STANDARD AE7 BIRU', 'NULL', 'BUAH'),
(173, 'NULL', 'NULL', 'PULPEN STANDARD BOLDLINER PRO 0.8 HITAM', 'NULL', 'BUAH'),
(174, 'NULL', 'NULL', 'PULPEN STANDARD BOLDLINER PRO 0.8 BIRU', 'NULL', 'BUAH'),
(175, 'NULL', 'NULL', 'PULPEN ZEBRA HANA 4C HITAM', 'NULL', 'BUAH'),
(176, 'NULL', 'NULL', 'PULPEN ZEBRA HANA 4C BIRU', 'NULL', 'BUAH'),
(177, 'NULL', 'NULL', 'PENSIL 2B JOYKO', 'NULL', 'BUAH'),
(178, 'NULL', 'NULL', 'PULPEN STANDARD AE7 ZYRCON BALL HITAM', 'NULL', 'BUAH'),
(179, 'NULL', 'NULL', 'PULPEN STANDARD AE7 ZYRCON BALL BIRU', 'NULL', 'BUAH'),
(180, 'NULL', 'NULL', 'TRIGONAL PAPER CLIPS KENKO NO.1', 'NULL', 'BOX'),
(181, 'NULL', 'NULL', 'TRIGONAL PAPER CLIPS KENKO NO.5', 'NULL', 'BOX'),
(182, 'NULL', 'NULL', 'BINDER CLIPS JOYKO NO.107', 'NULL', 'BOX'),
(183, 'NULL', 'NULL', 'BINDER CLIPS JOYKO NO.111', 'NULL', 'BOX'),
(184, 'NULL', 'NULL', 'BINDER CLIPS JOYKO NO.200', 'NULL', 'BOX'),
(185, 'NULL', 'NULL', 'BINDER CLIPS JOYKO NO.260', 'NULL', 'BOX'),
(186, 'NULL', 'NULL', 'PENGHAPUS PENSIL KENKO B50', 'NULL', 'BUAH'),
(187, 'NULL', 'NULL', 'PENGHAPUS PENSIL STAEDTLER', 'NULL', 'BUAH'),
(188, 'NULL', 'NULL', 'MAP BPS SP2020', 'NULL', 'BUAH'),
(189, 'NULL', 'NULL', 'MAP BPS SAKERNAS', 'NULL', 'BUAH'),
(190, 'NULL', 'NULL', 'MAP BPS SUSENAS', 'NULL', 'BUAH'),
(191, 'NULL', 'NULL', 'MAP TALI KERTAS', 'NULL', 'BUAH'),
(192, 'NULL', 'NULL', 'PENGGARIS KENKO PLASTIK 30 CM', 'NULL', 'BUAH'),
(193, 'NULL', 'NULL', 'PENGGARIS KENKO BESI 30 CM', 'NULL', 'BUAH'),
(194, 'NULL', 'NULL', 'CUTTER KENKO L500', 'NULL', 'BUAH'),
(195, 'NULL', 'NULL', 'CUTTER JOYKO', 'NULL', 'BUAH'),
(196, 'NULL', 'NULL', 'ISI CUTTER KENKO S-100', 'NULL', 'PACK'),
(197, 'NULL', 'NULL', 'RAUTAN BESAR ZRM', 'NULL', 'BUAH'),
(198, 'NULL', 'NULL', 'LEM KERTAS CAIR FOX', 'NULL', 'BOTOL'),
(199, 'NULL', 'NULL', 'LEM KERTAS STICK KECIL', 'NULL', 'BUAH'),
(200, 'NULL', 'NULL', 'DOUBLE TIP KENKO', 'NULL', 'ROL'),
(201, 'NULL', 'NULL', 'LAKBAN KECIL BENING', 'NULL', 'ROL'),
(202, 'NULL', 'NULL', 'LAKBAN KECIL HITAM', 'NULL', 'ROL'),
(203, 'NULL', 'NULL', 'LAKBAN KERTAS', 'NULL', 'ROL'),
(204, 'NULL', 'NULL', 'STAPLER HD-50', 'NULL', 'BUAH'),
(205, 'NULL', 'NULL', 'STAPLER HD-100', 'NULL', 'BUAH'),
(206, 'NULL', 'NULL', 'STAPLER HD-10', 'NULL', 'BUAH'),
(207, 'NULL', 'NULL', 'ISI STAPLES KENKO NO.10', 'NULL', 'BOX'),
(208, 'NULL', 'NULL', 'ISI STAPLES JOYKO NO.3', 'NULL', 'BOX'),
(209, 'NULL', 'NULL', 'ISI STAPLES ZRM NO.10', 'NULL', 'BOX'),
(210, 'NULL', 'NULL', 'LEAFLET SAKERNAS', 'NULL', 'BUAH'),
(211, 'NULL', 'NULL', 'GUNTING KECIL ZRM', 'NULL', 'BUAH'),
(212, 'NULL', 'NULL', 'PAGE MARKER JOYKO', 'NULL', 'PCS'),
(213, 'NULL', 'NULL', 'POST-IT 3M', 'NULL', 'PCS'),
(214, 'NULL', 'NULL', 'KERTAS HVS A3', 'NULL', 'RIM'),
(215, 'NULL', 'NULL', 'KERTAS HVS A5', 'NULL', 'RIM'),
(216, 'NULL', 'NULL', 'CARTRIDGE TONER HP 83A', 'NULL', 'BUAH'),
(217, 'NULL', 'NULL', 'CARTRIDGE TONER HP 78A', 'NULL', 'BUAH'),
(218, 'NULL', 'NULL', 'CARTRIDGE TONER CANON 325', 'NULL', 'BUAH'),
(219, 'NULL', 'NULL', 'CARTRIDGE TONER CANON 337', 'NULL', 'BUAH'),
(220, 'NULL', 'NULL', 'TINTA EPSON 664 LIGHT MAGENTA', 'NULL', 'BOTOL'),
(221, 'NULL', 'NULL', 'TINTA EPSON 664 LIGHT CYAN', 'NULL', 'BOTOL'),
(222, 'NULL', 'NULL', 'TINTA EPSON 001 BLACK', 'NULL', 'BOTOL'),
(223, 'NULL', 'NULL', 'TINTA EPSON 001 CYAN', 'NULL', 'BOTOL'),
(224, 'NULL', 'NULL', 'TINTA EPSON 001 MAGENTA', 'NULL', 'BOTOL'),
(225, 'NULL', 'NULL', 'TINTA EPSON 001 YELLOW', 'NULL', 'BOTOL'),
(226, 'NULL', 'NULL', 'TINTA EPSON 003 LIGHT MAGENTA', 'NULL', 'BOTOL'),
(227, 'NULL', 'NULL', 'TINTA EPSON 003 LIGHT CYAN', 'NULL', 'BOTOL'),
(228, 'NULL', 'NULL', 'MOUSE WIRELESS LOGITECH', 'NULL', 'BUAH'),
(229, 'NULL', 'NULL', 'KEYBOARD LOGITECH', 'NULL', 'BUAH'),
(230, 'NULL', 'NULL', 'MOUSE PAD', 'NULL', 'BUAH'),
(231, 'NULL', 'NULL', 'SAPU LIDI', 'NULL', 'BUAH'),
(232, 'NULL', 'NULL', 'PENGKI', 'NULL', 'BUAH'),
(233, 'NULL', 'NULL', 'KEMOCENG MICROFIBER', 'NULL', 'BUAH'),
(234, 'NULL', 'NULL', 'KEMOCENG BULU AYAM', 'NULL', 'BUAH'),
(235, 'NULL', 'NULL', 'SERBET LAP MEJA', 'NULL', 'BUAH'),
(236, 'NULL', 'NULL', 'SABUN CUCI PIRING SUNLIGHT', 'NULL', 'PCS'),
(237, 'NULL', 'NULL', 'PORSTEX YURI BIRU', 'NULL', 'BOTOL'),
(238, 'NULL', 'NULL', 'PEMBERSIH LANTAI WIPOL', 'NULL', 'BOTOL'),
(239, 'NULL', 'NULL', 'GELAS KACA', 'NULL', 'BUAH'),
(240, 'NULL', 'NULL', 'PIRING KACA', 'NULL', 'BUAH'),
(241, 'NULL', 'NULL', 'SENDOK MAKAN', 'NULL', 'PCS'),
(242, 'NULL', 'NULL', 'GARPU MAKAN', 'NULL', 'PCS'),
(243, 'NULL', 'NULL', 'TERMOL', 'NULL', 'BUAH'),
(244, 'NULL', 'NULL', 'TEMPAT SENDOK GARPU', 'NULL', 'BUAH'),
(245, 'NULL', 'NULL', 'KAMPER TOILET SWALLOW GANTUNG', 'NULL', 'PCS'),
(246, 'NULL', 'NULL', 'PENGHARUM RUANGAN STELLA SPRAY', 'NULL', 'KALENG'),
(247, 'NULL', 'NULL', 'TISU 50S', 'NULL', 'BUAH'),
(248, 'NULL', 'NULL', 'TISU 150S', 'NULL', 'BUAH'),
(249, 'NULL', 'NULL', 'PLASTIK SAMPAH BESAR', 'NULL', 'ROL'),
(250, 'NULL', 'NULL', 'BATERAI ABC AAA KUNING', 'NULL', 'BUAH'),
(251, 'NULL', 'NULL', 'BATERAI ABC AA KUNING', 'NULL', 'BUAH'),
(252, 'NULL', 'NULL', 'BATERAI ABC AAA ALKALINE', 'NULL', 'BUAH'),
(253, 'NULL', 'NULL', 'BATERAI ABC AA ALKALINE', 'NULL', 'BUAH'),
(254, 'NULL', 'NULL', 'BATERAI ABC C ALKALINE', 'NULL', 'BUAH'),
(255, 'NULL', 'NULL', 'BATERAI ABC D ALKALINE', 'NULL', 'BUAH'),
(256, 'NULL', 'NULL', 'BATERAI ENERGIZER MAX AA', 'NULL', 'BUAH'),
(257, 'NULL', 'NULL', 'BATERAI MAX AA ABC ALKALINE', 'NULL', 'BUAH'),
(258, 'NULL', 'NULL', 'BATERAI MAX AAA ABC ALKALINE', 'NULL', 'BUAH'),
(259, 'NULL', 'NULL', 'BATERAI MAX C ABC ALKALINE', 'NULL', 'BUAH'),
(260, 'NULL', 'NULL', 'BATERAI MAX D ABC ALKALINE', 'NULL', 'BUAH'),
(261, 'NULL', 'NULL', 'BATERAI AAA SONY', 'NULL', 'BUAH'),
(262, 'NULL', 'NULL', 'BATERAI AA SONY', 'NULL', 'BUAH'),
(263, 'NULL', 'NULL', 'BATERAI C SONY', 'NULL', 'BUAH'),
(264, 'NULL', 'NULL', 'BATERAI D SONY', 'NULL', 'BUAH'),
(265, 'NULL', 'NULL', 'BUKU KERJA 2022', 'NULL', 'BUKU'),
(266, 'NULL', 'NULL', 'MUG KERAMIK SP2021', 'NULL', 'BUAH'),
(267, 'NULL', 'NULL', 'MUG KERAMIK SP2022', 'NULL', 'BUAH'),
(268, 'NULL', 'NULL', 'IBS AMPLOP COKLAT KECIL (1)', 'NULL', 'SET'),
(269, 'NULL', 'NULL', 'IBS AMPLOP COKLAT SEDANG (1)', 'NULL', 'SET'),
(270, 'NULL', 'NULL', 'KUESIONER SAKERNAS UTAMA L2', 'NULL', 'SET'),
(271, 'NULL', 'NULL', 'KUESIONER SAKERNAS CADANGAN L2', 'NULL', 'SET'),
(272, 'NULL', 'NULL', 'KUESIONER SAKERNAS UTAMA L4', 'NULL', 'SET'),
(273, 'NULL', 'NULL', 'KUESIONER SAKERNAS CADANGAN L4', 'NULL', 'SET'),
(274, 'NULL', 'NULL', 'KUESIONER KP SAKERNAS', 'NULL', 'KUESIONER'),
(275, 'NULL', 'NULL', 'KUESIONER M SUSENAS', 'NULL', 'KUESIONER'),
(276, 'NULL', 'NULL', 'KUESIONER KP SUSENAS AGUSTUS', 'NULL', 'KUESIONER'),
(277, 'NULL', 'NULL', 'KUESIONER SERUTI INTI VSERUTI24.INTI', 'NULL', 'SET'),
(278, 'NULL', 'NULL', 'KUESIONER SERUTI INT VSERUTI24.PER', 'NULL', 'SET'),
(279, 'NULL', 'NULL', 'KUESIONER VSEN24.K', 'NULL', 'SET'),
(280, 'NULL', 'NULL', 'KUESIONER ST2023-UTP L4', 'NULL', 'SET'),
(281, 'NULL', 'NULL', 'KUESIONER SP-LAHAN SUSENAS', 'NULL', 'KUESIONER'),
(282, 'NULL', 'NULL', 'KUESIONER SP-PALAWIJA SUSENAS', 'NULL', 'KUESIONER'),
(283, 'NULL', 'NULL', 'REKAP KAB/KOTA SP KOMODITAS HOLTIKULTURA', 'NULL', 'DOKUMEN'),
(284, 'NULL', 'NULL', 'REKAP KAB/KOTA SP TANAMAN BUAH', 'NULL', 'DOKUMEN'),
(285, 'NULL', 'NULL', 'Kuesioner Susenas September 2025 VSEN25.M (Pelatihan)', 'NULL', 'SET'),
(286, 'NULL', 'NULL', 'Kuesioner Susenas September 2025 VSEN25.KP (Pelatihan)', 'NULL', 'SET'),
(287, 'NULL', 'NULL', 'Kuesioner Seruti Inti VSERUTI25.INTI (Pelatihan)', 'NULL', 'SET'),
(288, 'NULL', 'NULL', 'Kuesioner Susenas September 2025 VSEN25.M (Pelaksanaan)', 'NULL', 'SET'),
(289, 'NULL', 'NULL', 'Kuesioner Susenas September 2025 VSEN25.KP (Pelaksanaan)', 'NULL', 'SET'),
(290, 'NULL', 'NULL', 'Kuesioner Seruti Inti VSERUTI25.INTI (Pelaksanaan)', 'NULL', 'SET'),
(291, 'NULL', 'NULL', 'DOCUMENT TRAY', 'NULL', 'BUAH'),
(292, 'NULL', 'NULL', 'INDEX & MARKS 7 COLOR', 'NULL', 'PACK'),
(293, 'NULL', 'NULL', 'TINTA ISI ULANG STAMPEL 5CC', 'NULL', 'BUAH'),
(294, 'NULL', 'NULL', 'SABUN CUCI/DETERGENT', 'NULL', 'BUAH'),
(295, 'NULL', 'NULL', 'CARTRIDGE COMPATIBLE 6230', 'NULL', 'BUAH'),
(296, 'NULL', 'NULL', 'STAPLE REMOVER', 'NULL', 'BUAH'),
(297, 'NULL', 'NULL', 'LEM KERTAS CAIR', 'NULL', 'BUAH'),
(298, 'NULL', 'NULL', 'PAPER CLIP NO. 5 50 PCS', 'NULL', 'BOX'),
(299, 'NULL', 'NULL', 'PAPER CLIP NO.1 100 PCS (SILVER)', 'NULL', 'BOX'),
(300, 'NULL', 'NULL', 'BINDER CLIPS ZRM NO.200', 'NULL', 'BOX'),
(301, 'NULL', 'NULL', 'STABILO PACK', 'NULL', 'PACK'),
(302, 'NULL', 'NULL', '3M POST-IT STICKY NOTES', 'NULL', 'BUAH'),
(303, 'NULL', 'NULL', 'SPIDOL BESAR HITAM', 'NULL', 'BUAH'),
(304, 'NULL', 'NULL', 'Pronto Mark N Notes', 'NULL', 'BUAH'),
(305, 'NULL', 'NULL', 'EARPHONE', 'NULL', 'BUAH'),
(306, 'NULL', 'NULL', 'MOUSE WIRELESS', 'NULL', 'BUAH'),
(307, 'NULL', 'NULL', 'MOUSE', 'NULL', 'BUAH'),
(308, 'NULL', 'NULL', 'MOUSEPAD', 'NULL', 'BUAH'),
(309, 'NULL', 'NULL', 'KEYBOARD LOGITECH', 'NULL', 'BUAH'),
(310, 'NULL', 'NULL', 'PENGKI', 'NULL', 'BUAH'),
(311, 'NULL', 'NULL', 'KEMOCENG MICROFIBER', 'NULL', 'BUAH'),
(312, 'NULL', 'NULL', 'SAPU LANTAI NAGA', 'NULL', 'BUAH'),
(313, 'NULL', 'NULL', 'PEL LANTAI ULTIMA', 'NULL', 'BUAH'),
(314, 'NULL', 'NULL', 'SIKAT LANTAI NAGA', 'NULL', 'BUAH'),
(315, 'NULL', 'NULL', 'TEMPAT SAMPAH PLASTIK', 'NULL', 'BUAH'),
(316, 'NULL', 'NULL', 'PEMBERSIH KACA CLING', 'NULL', 'BOTOL'),
(317, 'NULL', 'NULL', 'HAND SOAP LIFESBUOY', 'NULL', 'PCS'),
(318, 'NULL', 'NULL', 'PEMBERSIH POSELEN & KERAMIK PORSTEX MERAH', 'NULL', 'BOTOL'),
(319, 'NULL', 'NULL', 'PEMBERSIH LANTAI WANGI', 'NULL', 'BOTOL'),
(320, 'NULL', 'NULL', 'PENGHARUM RUANGAN KANTOR', 'NULL', 'PCS'),
(321, 'NULL', 'NULL', 'TISU WAJAH 250S', 'NULL', 'BUAH');

-- --------------------------------------------------------

--
-- Table structure for table `pegawai`
--

CREATE TABLE `pegawai` (
  `id_pegawai` int(11) NOT NULL,
  `nama_pegawai` text NOT NULL
) ENGINE=InnoDB DEFAULT CHARSET=utf8mb4 COLLATE=utf8mb4_general_ci;

--
-- Dumping data for table `pegawai`
--

INSERT INTO `pegawai` (`id_pegawai`, `nama_pegawai`) VALUES
(1, 'Ir. Royke Oct Rawung'),
(2, 'Marthedy Mormin Tenggehi'),
(3, 'Tonny Herman Johan Mangempis'),
(4, 'Anis Karimah'),
(5, 'Daniel Salu'),
(6, 'Defi Astuti Anggraeni'),
(7, 'Deyvi Stella Rumangkang'),
(8, 'Elrini Wuisan'),
(9, 'Enggelin Giacinta Wongkar'),
(10, 'Fadila Ahmad'),
(11, 'Farhan'),
(12, 'Frisca Ully Saragih'),
(13, 'Gaberiel'),
(14, 'Habel Nitalessy'),
(15, 'Ira Yuliana Posumah'),
(16, 'Julianti Hartanto'),
(17, 'Kennedy Umadji'),
(18, 'Lazia Outenty Bimbangnaung'),
(19, 'Maskhur Solikhudin'),
(20, 'Munawir Kobis'),
(21, 'Natalia Ondang'),
(22, 'Ni Putu Beliana Puspita Sari'),
(23, 'Nik\'mah'),
(24, 'Olivia Widyawaty Sahambangung'),
(25, 'Rahadita Nur Haida'),
(26, 'Ricky Sethaan'),
(27, 'Rikky Rugian'),
(28, 'Roy Samalukang'),
(29, 'Sastadeferah Risab'),
(30, 'Vini Cristin'),
(31, 'Vivi Novita Sumampouw'),
(32, 'Vonny Joice Lalujan'),
(33, 'Wardzatul Khoiriyah'),
(34, 'Weny Fitrah Anwari'),
(35, 'Yanti Jane Ivonne Kaeng'),
(36, 'Arista Roza Belawan SST'),
(37, 'Santi H Putri'),
(38, 'Mia Wahyumiranti, SM'),
(39, 'Lusiana Tungkagi');

-- --------------------------------------------------------

--
-- Table structure for table `pemasukan`
--

CREATE TABLE `pemasukan` (
  `id_pemasukan` int(11) NOT NULL,
  `id_barang` int(11) DEFAULT NULL,
  `nama_barang_input` text NOT NULL,
  `tanggal` date NOT NULL,
  `jumlah` float NOT NULL,
  `satuan` varchar(50) DEFAULT NULL,
  `keterangan` text DEFAULT NULL
) ENGINE=InnoDB DEFAULT CHARSET=utf8mb4 COLLATE=utf8mb4_general_ci;

--
-- Dumping data for table `pemasukan`
--

INSERT INTO `pemasukan` (`id_pemasukan`, `id_barang`, `nama_barang_input`, `tanggal`, `jumlah`, `satuan`, `keterangan`) VALUES
(1, 1, 'PULPEN STANDARD AE7 ZYRCON BALL', '2023-10-30', 6, 'BUAH', ''),
(2, 2, 'PENSIL 2B KENKO', '2023-10-30', 20, 'BUAH', ''),
(3, 3, 'PULPEN STANDARD BOLDLINER PRO 0.8', '2023-10-30', 1, 'BUAH', ''),
(4, 4, 'PULPEN ZEBRA HANA 4C', '2023-10-30', 2, 'BUAH', ''),
(5, 5, 'TRIGONAL PAPER CLIPS KENKO NO.3', '2023-10-30', 3, 'BOX', ''),
(6, 6, 'TRIGONAL PAPER CLIPS ZRM NO.3', '2023-10-30', 1, 'BOX', ''),
(7, 8, 'BINDER CLIPS KENKO NO.260', '2023-10-30', 4, 'BOX', ''),
(8, 11, 'PENGHAPUS PENSIL STAEDTLER RASOPLAST', '2023-10-30', 4, 'BUAH', ''),
(9, 12, 'MAP BPS ST2023', '2023-10-30', 455, 'BUAH', ''),
(10, 13, 'MAP TALI PLASTIK', '2023-10-30', 12, 'BUAH', ''),
(11, 15, 'PENGGARIS KENKO BESI 50 CM', '2023-10-30', 1, 'BUAH', ''),
(12, 18, 'RAUTAN KECIL WARNA ZRM', '2023-10-30', 23, 'BUAH', ''),
(13, 17, 'ISI CUTTER JOYKO L-150', '2023-10-30', 3, 'PACK', ''),
(14, 21, 'LAKBAN BESAR BENING', '2023-10-30', 3, 'ROL', ''),
(15, 23, 'ISI STAPLES JOYKO NO.10', '2023-10-30', 3, 'BOX', ''),
(16, 24, 'ISI STAPLES ZRM NO.3', '2023-10-30', 5, 'BOX', ''),
(17, 28, 'POST-IT STICKY NOTES', '2023-10-30', 2, 'PCS', ''),
(18, 29, 'KERTAS HVS A4', '2023-10-30', 8, 'RIM', ''),
(19, 30, 'KERTAS HVS F4', '2023-10-30', 2, 'RIM', ''),
(20, 32, 'TINTA EPSON 774 BLACK', '2023-10-30', 1, 'BOTOL', ''),
(21, 38, 'TINTA EPSON 664 CYAN', '2023-10-30', 2, 'BOTOL', ''),
(22, 37, 'TINTA EPSON 664 YELLOW', '2023-10-30', 2, 'BOTOL', ''),
(23, 39, 'TINTA EPSON 664 MAGENTA', '2023-10-30', 2, 'BOTOL', ''),
(24, 34, 'TINTA EPSON 003 CYAN', '2023-10-30', 1, 'BOTOL', ''),
(25, 35, 'TINTA EPSON 003 YELLOW', '2023-10-30', 2, 'BOTOL', ''),
(26, 33, 'TINTA EPSON 003 MAGENTA', '2023-10-30', 1, 'BOTOL', ''),
(27, 36, 'CARTRIDGE TONER COMPT-CF298A', '2023-10-30', 1, 'BUAH', ''),
(28, 40, 'CARTRIDGE TONER COMPT-CE505A', '2023-10-30', 4, 'BUAH', ''),
(29, 41, 'CARTRIDGE TONER CANON 326', '2023-10-30', 2, 'BUAH', ''),
(30, NULL, 'CARTRIDGE ORIGINAL CANON 331 BLACK', '2023-10-30', 2, 'SET', 'Unmatched Item'),
(31, 43, 'CARTRIDGE TONER COMPT-CANON 731 BLACK', '2023-10-30', 1, 'BUAH', ''),
(32, 44, 'CARTRIDGE TONER COMPT-CF217A', '2023-10-30', 1, 'BUAH', ''),
(33, 45, 'TINTA EPSON 003 BLACK', '2023-10-30', 8, 'BOTOL', ''),
(34, 46, 'TINTA EPSON 008 CYAN', '2023-10-30', 3, 'BOTOL', ''),
(35, 47, 'TINTA EPSON 008 BLACK', '2023-10-30', 5, 'BOTOL', ''),
(36, 48, 'TINTA EPSON 008 MAGENTA', '2023-10-30', 2, 'BOTOL', ''),
(37, 49, 'TINTA EPSON 008 YELLOW', '2023-10-30', 3, 'BOTOL', ''),
(38, 50, 'KEYBOARD M-TECH MTK-02', '2023-10-30', 1, 'BUAH', ''),
(39, 51, 'SAPU LANTAI', '2023-10-30', 1, 'BUAH', ''),
(40, 52, 'PEL LANTAI', '2023-10-30', 2, 'BUAH', ''),
(41, 53, 'SIKAT LANTAI NAGATA', '2023-10-30', 1, 'BUAH', ''),
(42, 57, 'HAND SOAP YURI', '2023-10-30', 2, 'PCS', ''),
(43, 58, 'PEMBERSIH POSELEN & KERAMIK YURI PORSTEX', '2023-10-30', 1, 'BOTOL', ''),
(44, 60, 'TEA SET NIKURA', '2023-10-30', 2, 'SET', ''),
(45, 61, 'SET CANGKIR & PIRING', '2023-10-30', 1, 'SET', ''),
(46, 64, 'PENGHARUM RUANGAN STELLA BOTOL', '2023-10-30', 1, 'BOTOL', ''),
(47, 68, 'KAMPER TOILET DAHLIA', '2023-10-30', 1, 'PACK', ''),
(48, 65, 'PENGHARUM RUANGAN STELLA AIR FRESHENER', '2023-10-30', 2, 'PCS', ''),
(49, 67, 'PENGHARUM RUANGAN DAHLIA AIR FRESHENER', '2023-10-30', 8, 'PCS', ''),
(50, 66, 'KAMPER TOILET SWALLOW', '2023-10-30', 3, 'PACK', ''),
(51, 73, 'BATERAI MIC ENERGIZER MAX', '2023-10-30', 2, 'BUAH', ''),
(52, 76, 'BATERAI AAA ABC ALKALINE', '2023-10-30', 2, 'BUAH', ''),
(53, 74, 'BATERAI AAA ENERGIZER MAX', '2023-10-30', 1, 'BUAH', ''),
(54, 75, 'BATERAI ABC NEW SPECIAL', '2023-10-30', 3, 'BUAH', ''),
(55, 77, 'TAPLAK MEJA', '2023-10-30', 1, 'BUAH', ''),
(56, 79, 'TISU 250S', '2023-10-30', 10, 'BUAH', ''),
(57, 80, 'KABEL JARINGAN', '2023-10-30', 1, 'DUS', ''),
(58, 81, 'SPON POLYTEX', '2023-10-30', 1, 'BUAH', ''),
(59, 82, 'MUG KERAMIK SP2020', '2023-10-30', 14, 'BUAH', ''),
(60, 83, 'IBS AMPLOP COKLAT BESAR', '2023-10-30', 30, 'SET', ''),
(61, 84, 'KUESIONER ST23-L2 UTP', '2023-10-30', 135, 'SET', ''),
(62, 85, 'BUKU PED ST2023-UTP 2A.1', '2023-10-30', 135, 'BUKU', ''),
(63, 86, 'BUKU PED ST2023-UTP 3A.1', '2023-10-30', 41, 'BUKU', ''),
(64, 87, 'KUESIONER ST2023-UPB L2', '2023-10-30', 6, 'SET', ''),
(65, 88, 'KUESIONER ST2023-UTL L2', '2023-10-30', 6, 'SET', ''),
(66, 89, 'PENSIL ST23', '2023-10-30', 69, 'BUAH', ''),
(67, 90, 'BLOCK NOTEST23', '2023-10-30', 69, 'BUAH', ''),
(68, 91, 'PERUNCING ST23', '2023-10-30', 69, 'BUAH', ''),
(69, 92, 'BALLPOINTST23', '2023-10-30', 69, 'BUAH', ''),
(70, 93, 'PENGHAPUS ST23', '2023-10-30', 69, 'BUAH', ''),
(71, 94, 'CLIPBOARD ST23', '2023-10-30', 119, 'BUAH', ''),
(72, 95, 'GOODIEBAG SABLON ST23', '2023-10-30', 69, 'BUAH', ''),
(73, 96, 'ID CARD ST23', '2023-10-30', 112, 'BUAH', ''),
(74, 97, 'TALI ID CARD ST23', '2023-10-30', 112, 'BUAH', ''),
(75, 98, 'TOPI PETUGAS ST23', '2023-10-30', 69, 'BUAH', ''),
(76, 27, 'PAGE MARKER PRONTO 5 COLOURS', '2023-10-30', 1, 'PCS', ''),
(77, 14, 'ORDNER 70 MM', '2023-10-30', 4, 'BUAH', ''),
(78, 8, 'BINDER CLIPS KENKO NO.260', '2023-11-27', 2, 'BOX', ''),
(79, 7, 'BINDER CLIPS KENKO NO.200', '2023-11-27', 1, 'BOX', ''),
(80, 9, 'BINDER CLIPS KENKO NO.107', '2023-11-27', 2, 'BOX', ''),
(81, 27, 'PAGE MARKER PRONTO 5 COLOURS', '2023-11-27', 5, 'PCS', ''),
(82, 29, 'KERTAS HVS A4', '2023-11-27', 40, 'RIM', ''),
(83, 72, 'KANTONG PLASTIK', '2023-11-27', 7, 'BUAH', ''),
(84, 40, 'CARTRIDGE TONER COMPT-CE505A', '2023-12-12', 1, 'BUAH', ''),
(85, 41, 'CARTRIDGE TONER CANON 326', '2023-12-12', 4, 'BUAH', ''),
(86, 31, 'CARTRIDGE TONER CF289A HP', '2023-12-12', 1, 'BUAH', ''),
(87, 44, 'CARTRIDGE TONER COMPT-CF217A', '2023-12-12', 1, 'BUAH', ''),
(88, 9, 'BINDER CLIPS KENKO NO.107', '2023-12-12', 2, 'BOX', ''),
(89, 10, 'BINDER CLIPS KENKO NO.111', '2023-12-12', 5, 'BOX', ''),
(90, 7, 'BINDER CLIPS KENKO NO.200', '2023-12-12', 1, 'BOX', ''),
(91, 8, 'BINDER CLIPS KENKO NO.260', '2023-12-12', 3, 'BOX', ''),
(92, 16, 'CUTTER OFFICEPLUS', '2023-12-12', 2, 'BUAH', ''),
(93, 19, 'DOUBLE TIP OFFICEPLUS', '2023-12-12', 2, 'ROL', ''),
(94, 26, 'GUNTING ZRM', '2023-12-12', 3, 'BUAH', ''),
(95, 62, 'KAMPER TOILET INDOMARET', '2023-12-12', 3, 'PACK', ''),
(96, 66, 'KAMPER TOILET SWALLOW', '2023-12-12', 1, 'PACK', ''),
(97, 21, 'LAKBAN BESAR BENING', '2023-12-12', 2, 'ROL', ''),
(98, 20, 'LAKBAN BESAR HITAM', '2023-12-12', 2, 'ROL', ''),
(99, 55, 'PEMBERSIH KACA INDOMARET', '2023-12-12', 1, 'BOTOL', ''),
(100, 58, 'PEMBERSIH POSELEN & KERAMIK YURI PORSTEX', '2023-12-12', 2, 'BOTOL', ''),
(101, 63, 'PENGHARUM RUANGAN GLADE AIR FRESHENER', '2023-12-12', 1, 'PCS', ''),
(102, 70, 'PENGHARUM RUANGAN GLADE REFILL', '2023-12-12', 3, 'BOTOL', ''),
(103, 65, 'PENGHARUM RUANGAN STELLA AIR FRESHENER', '2023-12-12', 3, 'PCS', ''),
(104, 56, 'SABUN CUCI PIRING MAMA LEMON', '2023-12-12', 5, 'PCS', ''),
(105, 22, 'STAPLER HD-10 GREEBEL', '2023-12-12', 5, 'BUAH', ''),
(106, 71, 'TISU 200S', '2023-12-12', 10, 'BUAH', ''),
(107, 72, 'KANTONG PLASTIK', '2023-12-12', 4, 'BUAH', ''),
(108, 32, 'TINTA EPSON 774 BLACK', '2023-12-18', 1, 'BOTOL', ''),
(109, 14, 'ORDNER 70 MM', '2023-12-18', 15, 'BUAH', ''),
(110, 54, 'TEMPAT SAMPAH', '2023-12-28', 3, 'BUAH', ''),
(111, 72, 'KANTONG PLASTIK', '2023-12-28', 3, 'BUAH', ''),
(112, 69, 'STELLA AIO MULTIPACK', '2023-12-28', 5, 'PACK', 'opname fisik'),
(113, 78, 'BUKU KERJA 2023', '2023-12-28', 2, 'BUKU', 'opname fisik'),
(114, 59, 'PEMBERSIH LANTAI SUPERPEL', '2023-12-28', 1, 'BOTOL', 'opname fisik'),
(115, 32, 'TINTA EPSON 774 BLACK', '2023-12-28', 2, 'BOTOL', 'opname fisik'),
(116, 25, 'LEAFLET ST2023', '2023-12-28', 50, 'BUAH', 'opname fisik'),
(117, NULL, 'Daftar Sub-S Survei Ubinan 2024', '2024-01-10', 320, 'SET', ''),
(118, 108, 'KUESIONER SP PALAWIJA UTAMA', '2024-01-10', 11, 'KUESIONER', ''),
(119, 109, 'KUESIONER SP PALAWIJA CADANGAN', '2024-01-10', 2, 'KUESIONER', ''),
(120, 110, 'KUESIONER SP-LAHAN UTAMA', '2024-01-10', 11, 'KUESIONER', ''),
(121, 111, 'KUESIONER SP-LAHAN CADANGAN', '2024-01-10', 2, 'KUESIONER', ''),
(122, 112, 'REKAP KAB/KOTA SP TANAMAN PANGAN', '2024-01-10', 1, 'DOKUMEN', ''),
(123, NULL, 'SKB2023-Tahunan', '2024-01-10', 4, 'SET', ''),
(124, NULL, 'SKB2023-Kelapa Dalam', '2024-01-10', 48, 'SET', ''),
(125, NULL, 'Kuesioner Laporan Tahunan Perusahaan Penangkapan Ikan (Daftar-LTP)', '2024-01-10', 3, 'SET', ''),
(126, NULL, 'Kuesioner Laporan Triwulan Pelabuhan Perikanan dan Tempat Pelelangan Ikan Tahun (Daftar PP-TPI)', '2024-01-10', 12, 'SET', ''),
(127, 31, 'CARTRIDGE TONER CF289A HP', '2024-01-16', 1, 'BUAH', '26-Feb-24'),
(128, 44, 'CARTRIDGE TONER COMPT-CF217A', '2024-01-16', 3, 'BUAH', '26-Feb-24'),
(129, 32, 'TINTA EPSON 774 BLACK', '2024-01-16', 1, 'BOTOL', '26-Feb-24'),
(130, 39, 'TINTA EPSON 664 MAGENTA', '2024-01-16', 1, 'BOTOL', '26-Feb-24'),
(131, 102, 'KUESIONER K SUSENAS', '2024-01-26', 700, 'KUESIONER', ''),
(132, 103, 'KUESIONER KP SUSENAS', '2024-01-26', 700, 'KUESIONER', ''),
(133, 104, 'KUESIONER SERUTI INTI', '2024-01-26', 160, 'SET', ''),
(134, 105, 'KUESIONER VSEN24.DSBS', '2024-01-26', 65, 'SET', ''),
(135, 106, 'KUESIONER VSEN24.P', '2024-01-26', 65, 'SET', ''),
(136, 107, 'KUESIONER VSEN24.DSRT', '2024-01-26', 65, 'SET', ''),
(137, 99, 'KALENDER DINDING 2024', '2024-01-31', 43, 'BUAH', ''),
(138, 100, 'KALENDER MEJA 2024', '2024-01-31', 4, 'BUAH', ''),
(139, 101, 'BUKU KERJA 2024', '2024-01-31', 31, 'BUAH', ''),
(140, 114, 'TRIGONAL PAPER CLIPS ZRM NO.5', '2024-02-13', 3, 'BUAH', '13-Feb-24'),
(141, 115, 'BINDER CLIP ZRM NO.111', '2024-02-13', 5, 'BUAH', '13-Feb-24'),
(142, 116, 'PULPEN STANDARD P5 BLACK', '2024-02-13', 1, 'PACK', '13-Feb-24'),
(143, 119, 'BINDER CLIP ZRM NO.107', '2024-02-13', 5, 'BUAH', '13-Feb-24'),
(144, 117, 'LEM KERTAS STICK BESAR', '2024-02-13', 2, 'BUAH', '13-Feb-24'),
(145, 118, 'STABILO BOSS', '2024-02-13', 3, 'BUAH', '13-Feb-24'),
(146, 29, 'KERTAS HVS A4', '2024-02-13', 5, 'RIM', '13-Feb-24'),
(147, 30, 'KERTAS HVS F4', '2024-02-13', 5, 'RIM', '13-Feb-24'),
(148, 73, 'BATERAI MIC ENERGIZER MAX', '2024-02-15', 4, 'BUAH', '13-Feb-24'),
(149, 120, 'HAND SOAP INDOMARET', '2024-02-15', 2, 'BUAH', '13-Feb-24'),
(150, 72, 'KANTONG PLASTIK', '2024-02-15', 1, 'BUAH', '13-Feb-24'),
(151, 14, 'ORDNER 70 MM', '2024-02-20', 30, 'BUAH', '21-Feb-24'),
(152, NULL, 'BUKU KASUS BATAS KBLI 2020', '2024-03-01', 38, 'BUKU', ''),
(153, NULL, 'KUESIONER SURVEI KONSTRUKSI TRIWULANAN (SKTR) 2024', '2024-03-01', 30, 'SET', ''),
(154, NULL, 'AMPLOP COKLAT SURVEI KONSTRUKSI TA 2024', '2024-03-01', 12, 'PCS', ''),
(155, NULL, 'SURAT PENGANTAR SURVEI KONSTRUKSI TA 2024', '2024-03-01', 10, 'LEMBAR', ''),
(156, NULL, 'KUESIONER SURVEI KONSTRUKSI TAHUNAN (SKTH) 2023', '2024-03-01', 38, 'SET', ''),
(157, NULL, 'KANTONG PLASTIK SAMPAH', '2024-03-08', 1, 'PACK', ''),
(158, NULL, 'AMPLOP NO.90', '2024-03-13', 0, 'SET', 'Invalid Quantity'),
(159, 46, 'TINTA EPSON 008 CYAN', '2024-03-28', 1, 'BOTOL', ''),
(160, 48, 'TINTA EPSON 008 MAGENTA', '2024-03-28', 2, 'BOTOL', ''),
(161, 49, 'TINTA EPSON 008 YELLOW', '2024-03-28', 1, 'BOTOL', ''),
(162, 47, 'TINTA EPSON 008 BLACK', '2024-03-28', 1, 'BOTOL', ''),
(163, 5, 'TRIGONAL PAPER CLIPS KENKO NO.3', '2024-03-28', 5, 'BOX', ''),
(164, 29, 'KERTAS HVS A4', '2024-03-28', 20, 'RIM', ''),
(165, 54, 'TEMPAT SAMPAH', '2024-04-24', 2, 'BUAH', ''),
(166, 121, 'SIKAT WC', '2024-04-24', 2, 'BUAH', ''),
(167, 122, 'TEMPAT TISU BULAT', '2024-04-24', 3, 'BUAH', ''),
(168, 123, 'TEMPAT TISU KOTAK', '2024-04-24', 1, 'BUAH', ''),
(169, NULL, 'KARPET', '2024-04-24', 3, 'BUAH', ''),
(170, 58, 'PEMBERSIH POSELEN & KERAMIK YURI PORSTEX', '2024-05-02', 3, 'BOTOL', ''),
(171, 59, 'PEMBERSIH LANTAI SUPERPEL', '2024-05-02', 5, 'BOTOL', ''),
(172, 124, 'BODY WASH', '2024-05-02', 1, 'BUAH', ''),
(173, 120, 'HAND SOAP INDOMARET', '2024-05-02', 2, 'BUAH', ''),
(174, 64, 'PENGHARUM RUANGAN STELLA BOTOL', '2024-05-02', 7, 'BOTOL', ''),
(175, 62, 'KAMPER TOILET INDOMARET', '2024-05-02', 7, 'PACK', ''),
(176, 66, 'KAMPER TOILET SWALLOW', '2024-05-02', 3, 'PACK', ''),
(177, 125, 'TISU TOILET PACK', '2024-05-02', 1, 'PACK', ''),
(178, NULL, 'BATERAI R20', '2024-05-02', 1, 'PACK', ''),
(179, 72, 'KANTONG PLASTIK', '2024-05-02', 4, 'BUAH', ''),
(180, 126, 'LAMPU LED 8W', '2024-05-02', 1, 'BUAH', ''),
(181, 20, 'LAKBAN BESAR HITAM', '2024-05-05', 3, 'ROL', ''),
(182, 21, 'LAKBAN BESAR BENING', '2024-05-05', 3, 'ROL', ''),
(183, 5, 'TRIGONAL PAPER CLIPS KENKO NO.3', '2024-05-05', 10, 'BOX', ''),
(184, 29, 'KERTAS HVS A4', '2024-05-05', 25, 'RIM', ''),
(185, 4, 'PULPEN ZEBRA HANA 4C', '2024-05-14', 4, 'BUAH', ''),
(186, 14, 'ORDNER 70 MM', '2024-05-15', 15, 'BUAH', ''),
(187, 72, 'KANTONG PLASTIK', '2024-05-15', 1, 'BUAH', 'tidak ada pbelian'),
(188, NULL, 'KANTONG PLASTIK SAMPAH', '2024-05-15', 2, 'PACK', 'tidak ada pbelian'),
(189, 37, 'TINTA EPSON 664 YELLOW', '2024-05-22', 1, 'BOTOL', ''),
(190, 38, 'TINTA EPSON 664 CYAN', '2024-05-22', 1, 'BOTOL', ''),
(191, NULL, 'AMPLOP NO.90 KARDUS', '2024-05-22', 3, 'BOX', ''),
(192, NULL, 'KERTAS KARTON MANILA', '2024-05-22', 1, 'PACK', ''),
(193, 115, 'BINDER CLIP ZRM NO.111', '2024-05-22', 5, 'BUAH', ''),
(194, 199, 'LEM KERTAS STICK KECIL', '2024-05-22', 5, 'BUAH', ''),
(195, NULL, 'KERTAS FOTO', '2024-05-22', 1, 'PACK', ''),
(196, NULL, 'BINDER CLIP NO.105', '2024-05-22', 5, 'BOX', ''),
(197, 214, 'KERTAS HVS A3', '2024-05-22', 2, 'RIM', ''),
(198, 28, 'POST-IT STICKY NOTES', '2024-05-22', 5, 'PCS', ''),
(199, NULL, 'KUESIONER PELATIHAN PETUGAS SURVEI EKONOMI PERTANIAN (SEP) 2024 UTP', '2024-05-22', 22, 'SET', ''),
(200, NULL, 'KUESIONER PELATIHAN PETUGAS SURVEI EKONOMI PERTANIAN (SEP) 2024 UPB', '2024-05-22', 2, 'SET', ''),
(201, NULL, 'KUESIONER PELATIHAN PETUGAS SURVEI EKONOMI PERTANIAN (SEP) 2024 UTL', '2024-05-22', 2, 'SET', ''),
(202, 72, 'KANTONG PLASTIK', '2024-05-31', 1, 'BUAH', ''),
(203, NULL, 'KANTONG PLASTIK SAMPAH', '2024-05-31', 3, 'PACK', ''),
(204, NULL, 'TALI RAFIA', '2024-05-31', 1, 'ROLL', ''),
(205, 47, 'TINTA EPSON 008 BLACK', '2024-06-04', 1, 'BOTOL', ''),
(206, 48, 'TINTA EPSON 008 MAGENTA', '2024-06-04', 2, 'BOTOL', ''),
(207, 46, 'TINTA EPSON 008 CYAN', '2024-06-04', 1, 'BOTOL', ''),
(208, 49, 'TINTA EPSON 008 YELLOW', '2024-06-04', 1, 'BOTOL', ''),
(209, 51, 'SAPU LANTAI', '2024-06-07', 6, 'BUAH', ''),
(210, NULL, 'GANTUNGAN BESI', '2024-06-07', 4, 'BUAH', ''),
(211, NULL, 'KESET KAKI', '2024-06-07', 1, 'BUAH', ''),
(212, NULL, 'KEMOCENG', '2024-06-07', 10, 'BUAH', ''),
(213, NULL, 'ISI STAPLES NO.10', '2024-06-07', 10, 'BUAH', ''),
(214, 79, 'TISU 250S', '2024-06-07', 10, 'BUAH', ''),
(215, NULL, 'TISU TOILET', '2024-06-07', 20, 'GULUNG', ''),
(216, NULL, 'SERBET', '2024-06-07', 10, 'BUAH', ''),
(217, NULL, 'KAMPER TOILET', '2024-06-13', 5, 'PACK', ''),
(218, NULL, 'SPON', '2024-06-13', 1, 'BUAH', ''),
(219, 56, 'SABUN CUCI PIRING MAMA LEMON', '2024-06-13', 4, 'PCS', ''),
(220, NULL, 'SABUN CUCI PIRING JERIGEN', '2024-06-13', 1, 'JERIGEN', ''),
(221, 29, 'KERTAS HVS A4', '2024-07-01', 10, 'RIM', ''),
(222, 29, 'KERTAS HVS A4', '2024-07-03', 10, 'RIM', ''),
(223, 71, 'TISU 200S', '2024-07-12', 20, 'BUAH', ''),
(224, NULL, 'MAINTENANCE BOX EPSON L15160', '2024-07-22', 2, 'BUAH', ''),
(225, NULL, 'CARTRIDGE ORIGINAL CANON 325', '2024-07-22', 4, 'BUAH', ''),
(226, 14, 'ORDNER 70 MM', '2024-07-25', 15, 'BUAH', ''),
(227, NULL, 'KUESIONER IMK TAHUNAN 2024', '2024-07-31', 1022, 'SET', ''),
(228, NULL, 'KUESIONER VSLK24 VALAS 2024', '2024-07-31', 4, 'SET', ''),
(229, NULL, 'KUESIONER VSLK24- KSP 2024', '2024-07-31', 46, 'SET', ''),
(230, NULL, 'KUESIONER V-BUMD24', '2024-07-31', 9, 'SET', ''),
(231, NULL, 'BUKU PEDOMAN PENCACAHAN SAKERNAS AGUSTUS 2024', '2024-07-31', 30, 'BUKU', ''),
(232, 29, 'KERTAS HVS A4', '2024-08-02', 10, 'RIM', ''),
(233, 29, 'KERTAS HVS A4', '2024-08-08', 20, 'RIM', ''),
(234, 72, 'KANTONG PLASTIK', '2024-08-08', 1, 'BUAH', ''),
(235, 58, 'PEMBERSIH POSELEN & KERAMIK YURI PORSTEX', '2024-08-08', 2, 'BOTOL', ''),
(236, 66, 'KAMPER TOILET SWALLOW', '2024-08-08', 6, 'PACK', ''),
(237, NULL, 'PENGHARUM RUANGAN STELLA REFILL', '2024-08-08', 3, 'BUAH', ''),
(238, 56, 'SABUN CUCI PIRING MAMA LEMON', '2024-08-08', 2, 'PCS', ''),
(239, 64, 'PENGHARUM RUANGAN STELLA BOTOL', '2024-08-08', 2, 'BOTOL', ''),
(240, 214, 'KERTAS HVS A3', '2024-08-08', 1, 'RIM', '100500'),
(241, NULL, 'KERTAS FOTO', '2024-08-08', 2, 'PACK', '65000'),
(242, 8, 'BINDER CLIPS KENKO NO.260', '2024-08-08', 5, 'BOX', '27500'),
(243, 10, 'BINDER CLIPS KENKO NO.111', '2024-08-08', 9, 'BOX', '8000'),
(244, NULL, 'PAPER CLIP NO.1', '2024-08-08', 9, 'BOX', '3500'),
(245, NULL, 'PAPER CLIP NO.5', '2024-08-08', 1, 'BOX', '8000'),
(246, 9, 'BINDER CLIPS KENKO NO.107', '2024-08-08', 4, 'BOX', '5000'),
(247, 5, 'TRIGONAL PAPER CLIPS KENKO NO.3', '2024-08-08', 3, 'BOX', '3000'),
(248, NULL, 'ISI STAPLES NO.10', '2024-08-08', 1, 'BUAH', '7000'),
(249, NULL, 'PAGE MARKER SIGN HERE BESAR', '2024-08-08', 1, 'PACK', '48000'),
(250, NULL, 'PAGE MARKER SIGN HERE KECIL', '2024-08-08', 6, 'PACK', '16000'),
(251, NULL, 'PAGE MARKER SIGN HERE BESAR', '2024-08-08', 1, 'PACK', '34000'),
(252, NULL, 'TINTA ORI 664', '2024-08-16', 2, 'BUAH', 'TINTA EPSON 008 BLACK'),
(253, 32, 'TINTA EPSON 774 BLACK', '2024-08-16', 1, 'BOTOL', ''),
(254, 49, 'TINTA EPSON 008 YELLOW', '2024-08-16', 2, 'BOTOL', ''),
(255, 46, 'TINTA EPSON 008 CYAN', '2024-08-16', 1, 'BOTOL', ''),
(256, 48, 'TINTA EPSON 008 MAGENTA', '2024-08-16', 1, 'BOTOL', ''),
(257, 38, 'TINTA EPSON 664 CYAN', '2024-08-16', 1, 'BOTOL', ''),
(258, NULL, 'CARTRIDGE ORIGINAL-CF217A', '2024-08-16', 3, 'BUAH', ''),
(259, NULL, 'TISU TOILET', '2024-09-04', 50, 'GULUNG', ''),
(260, 79, 'TISU 250S', '2024-09-04', 17, 'BUAH', ''),
(261, NULL, 'KAMPER TOILET SEAGULL', '2024-09-04', 8, 'PACK', ''),
(262, 76, 'BATERAI AAA ABC ALKALINE', '2024-09-04', 2, 'BUAH', ''),
(263, NULL, 'BATERAI AA ALKALINE', '2024-09-04', 3, 'PACK', ''),
(264, NULL, 'BATERAI A', '2024-09-04', 1, 'BUAH', ''),
(265, 238, 'PEMBERSIH LANTAI WIPOL', '2024-09-04', 2, 'BUAH', ''),
(266, NULL, 'Kuesioner VSEN24.KP Susenas MSBP 2024 (Pelatihan Petugas)', '2024-09-09', 24, 'Set', ''),
(267, NULL, 'Kuesioner VSEN24.KP Susenas MSBP 2024 (Pelaksanaan Lapangan)', '2024-09-09', 176, 'Set', ''),
(268, NULL, 'Kuesioner VSEN24.MSBP Susenas MSBP 2024 (Pelaksanaan Lapangan)', '2024-09-09', 176, 'Set', ''),
(269, NULL, 'Kuesioner VSEN24.MSBP Susenas MSBP 2024 (Pelatihan Petugas)', '2024-09-09', 24, 'Set', ''),
(270, NULL, 'Kuesioner VSEN24.MHP Susenas MSBP 2024 (Pelatihan Petugas)', '2024-09-09', 24, 'Set', ''),
(271, NULL, 'Kuesioner VSEN24.DSRT Susenas MSBP 2024 (Pelatihan Petugas)', '2024-09-09', 24, 'Set', ''),
(272, NULL, 'Kuesioner VSEN24.DSBS Susenas MSBP 2024 (Pelatihan Petugas)', '2024-09-09', 24, 'Set', ''),
(273, NULL, 'Kuesioner VSEN24.P Susenas MSBP 2024 (Pelatihan Petugas)', '2024-09-09', 24, 'Set', ''),
(274, NULL, 'Kuesioner VSERUTI24.INTI untuk Pelaksanaan Lapangan', '2024-09-09', 176, 'Set', ''),
(275, NULL, 'Pedoman Kepala BPS Provinsi dan Kepala BPS Kabupaten/Kota Susenas MSBP 2024', '2024-09-09', 1, 'Buku', ''),
(276, NULL, 'Pedoman Petugas Pendata Susenas MSBP 2024', '2024-09-09', 24, 'Buku', ''),
(277, NULL, 'Pedoman Pengawas Susenas MSBP 2024', '2024-09-09', 8, 'Buku', ''),
(278, NULL, 'Konsep dan Definisi Susenas MSBP 2024', '2024-09-09', 24, 'Buku', ''),
(279, NULL, 'Pemanfaatan Data Susenas MSBP 2024', '2024-09-09', 24, 'Buku', ''),
(280, 14, 'ORDNER 70 MM', '2024-09-23', 15, 'BUAH', ''),
(281, 59, 'PEMBERSIH LANTAI SUPERPEL', '2024-10-15', 1, 'BOTOL', ''),
(282, 79, 'TISU 250S', '2024-10-15', 10, 'BUAH', ''),
(283, NULL, 'TISU TOILET', '2024-10-15', 40, 'GULUNG', ''),
(284, NULL, 'SABUN CUCI PIRING', '2024-10-15', 6, 'BUAH', ''),
(285, NULL, 'KAMPER TOILET', '2024-10-15', 10, 'PACK', ''),
(286, NULL, 'PEMBERSIH KACA', '2024-10-15', 2, 'BUAH', ''),
(287, 57, 'HAND SOAP YURI', '2024-10-15', 2, 'PCS', ''),
(288, 14, 'ORDNER 70 MM', '2024-10-15', 2, 'BUAH', ''),
(289, 7, 'BINDER CLIPS KENKO NO.200', '2024-10-15', 5, 'BOX', ''),
(290, NULL, 'PAGE MARKER POST-IT', '2024-10-15', 2, 'BUAH', ''),
(291, 10, 'BINDER CLIPS KENKO NO.111', '2024-10-15', 2, 'BOX', ''),
(292, 9, 'BINDER CLIPS KENKO NO.107', '2024-10-15', 11, 'BOX', ''),
(293, NULL, 'PERFERATOR', '2024-10-15', 1, 'BUAH', ''),
(294, NULL, 'ISI STAPLES NO.10', '2024-10-15', 9, 'BUAH', ''),
(295, 22, 'STAPLER HD-10 GREEBEL', '2024-10-15', 5, 'BUAH', ''),
(296, NULL, 'PULPEN PACK PLASTIK', '2024-10-15', 2, 'PACK', ''),
(297, 114, 'TRIGONAL PAPER CLIPS ZRM NO.5', '2024-10-15', 1, 'BUAH', ''),
(298, NULL, 'PAPER CLIP NO.5', '2024-10-15', 2, 'BOX', ''),
(299, NULL, 'PAPER CLIP NO.1', '2024-10-15', 12, 'BOX', ''),
(300, NULL, 'CUTTER', '2024-10-15', 1, 'BUAH', ''),
(301, 118, 'STABILO BOSS', '2024-10-15', 2, 'BUAH', ''),
(302, NULL, 'PAGE MARKER SIGN HERE KECIL', '2024-10-15', 10, 'PACK', ''),
(303, NULL, 'GUNTING KECIL', '2024-10-15', 2, 'BUAH', ''),
(304, 29, 'KERTAS HVS A4', '2024-10-15', 5, 'RIM', ''),
(305, NULL, 'PERUNCING PENSIL MEJA BESAR', '2024-10-15', 1, 'BUAH', ''),
(306, 73, 'BATERAI MIC ENERGIZER MAX', '2024-10-22', 4, 'BUAH', ''),
(307, 72, 'KANTONG PLASTIK', '2024-10-22', 1, 'BUAH', ''),
(308, NULL, 'KANTONG PLASTIK SAMPAH', '2024-10-28', 3, 'PACK', ''),
(309, 29, 'KERTAS HVS A4', '2024-10-30', 5, 'RIM', ''),
(310, NULL, 'Kuesioner VSERUTI24.INTI Triwulan IV 2024', '2024-11-11', 160, 'Set', ''),
(311, NULL, 'Kuesioner VSERUTI24.MAK Triwulan IV 2024', '2024-11-11', 160, 'Set', ''),
(312, 29, 'KERTAS HVS A4', '2024-11-18', 10, 'RIM', ''),
(313, 14, 'ORDNER 70 MM', '2024-11-18', 5, 'BUAH', ''),
(314, 14, 'ORDNER 70 MM', '2024-11-19', 2, 'BUAH', ''),
(315, NULL, 'GUNTING KECIL', '2024-11-19', 2, 'BUAH', ''),
(316, NULL, 'KANTONG PLASTIK SAMPAH', '2024-11-26', 4, 'PACK', ''),
(317, 14, 'ORDNER 70 MM', '2024-12-03', 15, 'BUAH', ''),
(318, 29, 'KERTAS HVS A4', '2024-12-18', 20, 'RIM', ''),
(319, NULL, 'TISU TOILET', '2024-12-18', 6, 'GULUNG', 'INDOMARET'),
(320, 72, 'KANTONG PLASTIK', '2024-12-18', 1, 'BUAH', ''),
(321, 47, 'TINTA EPSON 008 BLACK', '2024-12-20', 1, 'BOTOL', ''),
(322, 46, 'TINTA EPSON 008 CYAN', '2024-12-20', 1, 'BOTOL', ''),
(323, 48, 'TINTA EPSON 008 MAGENTA', '2024-12-20', 1, 'BOTOL', ''),
(324, 49, 'TINTA EPSON 008 YELLOW', '2024-12-20', 1, 'BOTOL', ''),
(325, 32, 'TINTA EPSON 774 BLACK', '2024-12-20', 2, 'BOTOL', ''),
(326, NULL, 'Cartridge Canon 741 Color', '2024-12-20', 1, 'Buah', '450000'),
(327, NULL, 'MAINTENANCE BOX EPSON L1455', '2024-12-20', 1, 'Buah', '800000'),
(328, NULL, 'Cartridge Canon 810 Black', '2024-12-20', 2, 'Buah', '500000'),
(329, 41, 'CARTRIDGE TONER CANON 326', '2024-12-20', 2, 'BUAH', ''),
(330, 40, 'CARTRIDGE TONER COMPT-CE505A', '2024-12-20', 2, 'BUAH', ''),
(331, 44, 'CARTRIDGE TONER COMPT-CF217A', '2024-12-20', 2, 'BUAH', ''),
(332, 31, 'CARTRIDGE TONER CF289A HP', '2024-12-20', 1, 'BUAH', ''),
(333, 41, 'CARTRIDGE TONER CANON 326', '2024-12-20', 1, 'BUAH', ''),
(334, NULL, 'CARTRIDGE CANON 740 BLACK', '2024-12-20', 1, 'BUAH', ''),
(335, 125, 'TISU TOILET PACK', '2024-12-21', 1, 'PACK', ''),
(336, 72, 'KANTONG PLASTIK', '2024-12-21', 1, 'BUAH', ''),
(337, 29, 'KERTAS HVS A4', '2024-12-21', 30, 'RIM', ''),
(338, 8, 'BINDER CLIPS KENKO NO.260', '2024-12-21', 4, 'BOX', '27.500/box'),
(339, 7, 'BINDER CLIPS KENKO NO.200', '2024-12-21', 8, 'BOX', '18.500/box'),
(340, 10, 'BINDER CLIPS KENKO NO.111', '2024-12-21', 27, 'BOX', '8000/box'),
(341, 206, 'STAPLER HD-10', '2024-12-21', 8, 'BUAH', '42.500/BOX'),
(342, 9, 'BINDER CLIPS KENKO NO.107', '2024-12-21', 24, 'BOX', '5.000/BOX'),
(343, NULL, 'STAPLER HD-10 MINI', '2024-12-21', 3, 'BUAH', '25.500/BOX'),
(344, NULL, 'ISI STAPLES NO.10', '2024-12-21', 8, 'BUAH', '7.000/BOX'),
(345, 199, 'LEM KERTAS STICK KECIL', '2024-12-21', 6, 'BUAH', '11.800/BOX'),
(346, NULL, 'PAGE MARKER KECIL/5 COLORS', '2024-12-21', 7, 'BUAH', '14.000/PACK'),
(347, NULL, 'PAPER CLIPS COLORFUL', '2024-12-21', 13, 'PACK', '9.800/pack'),
(348, 79, 'TISU 250S', '2024-12-21', 40, 'BUAH', '8.300/BUAH'),
(349, 56, 'SABUN CUCI PIRING MAMA LEMON', '2024-12-21', 5, 'PCS', '8.800/BUAH'),
(350, NULL, 'KAMPER TOILET', '2024-12-21', 4, 'PACK', ''),
(351, 125, 'TISU TOILET PACK', '2024-12-21', 4, 'PACK', ''),
(352, NULL, 'PENGHARUM RUANGAN STELLA REFILL', '2024-12-24', 3, 'BUAH', 'GALAXI'),
(353, 57, 'HAND SOAP YURI', '2024-12-24', 3, 'PCS', ''),
(354, NULL, 'SABUN PEMBERSIH LANTAI', '2024-12-24', 3, 'BUAH', ''),
(355, 63, 'PENGHARUM RUANGAN GLADE AIR FRESHENER', '2024-12-24', 10, 'PCS', ''),
(356, NULL, 'DEODORIZER (PENGHARUM TOILET)', '2024-12-24', 2, 'BUAH', ''),
(357, 58, 'PEMBERSIH POSELEN & KERAMIK YURI PORSTEX', '2024-12-24', 1, 'BOTOL', ''),
(358, NULL, 'TISU TOILET', '2024-12-24', 10, 'GULUNG', ''),
(359, NULL, 'Buku Pedoman Pencacah Susenas Maret 2025', '2024-12-27', 67, 'Buku', ''),
(360, NULL, 'Buku Pedoman Pengawas Susenas Maret 2025', '2024-12-27', 24, 'Buku', ''),
(361, NULL, 'Buku Konsep dan Definisi Susenas Maret 2025', '2024-12-27', 67, 'Buku', ''),
(362, NULL, 'Buku Pedoman Seruti 2025', '2024-12-27', 26, 'Buku', ''),
(363, NULL, 'Kuesioner Susenas VSEN25.KP', '2024-12-27', 700, 'Set', ''),
(364, NULL, 'Kuesioner Susenas VSEN25.K', '2024-12-27', 700, 'Set', ''),
(365, NULL, 'KUESIONER SERUTI INTI VSERUTI25.INTI', '2024-12-27', 160, 'Set', ''),
(366, 286, 'Kuesioner Susenas September 2025 VSEN25.KP Pelatihan', '2024-12-27', 67, 'Set', ''),
(367, NULL, 'Kuesioner Susenas VSEN25.K Pelatihan', '2024-12-27', 67, 'Set', ''),
(368, NULL, 'Kuesioner VSEN25.P Pelatihan', '2024-12-27', 67, 'Set', ''),
(369, NULL, 'Kuesioner VSEN25.DSRT Pelatihan', '2024-12-27', 67, 'SET', ''),
(370, NULL, 'Kuesioner VSEN25.DSBS Pelatihan', '2024-12-27', 67, 'SET', ''),
(371, 287, 'Kuesioner Seruti Inti VSERUTI25.INTI Pelatihan', '2024-12-27', 26, 'SET', ''),
(372, NULL, 'Daftar SP-Lahan, SP-Alsintan TP dan Benih TP (Ubinan 2025)', '2024-12-20', 13, 'Buku', ''),
(373, NULL, 'Kuesioner Sub-S Survei Ubinan (Ubinan 2025)', '2024-12-20', 98, 'Set', ''),
(374, NULL, 'Rekap Kab/Kota SP Tanaman Pangan (Ubinan 2025)', '2024-12-20', 1, 'Buku', ''),
(375, NULL, 'Daftar SP-Palawija (Ubinan 2025)', '2024-12-20', 13, 'Buku', ''),
(376, NULL, 'Kuesioner Survei Perusahaan Perkebunan Kelapa Bulanan (SKB-Kelapa)', '2024-12-20', 36, 'Set', ''),
(377, NULL, 'Kuesioner Survei Perusahaan Perkebunan Tahunan (SKB-Tahunan)', '2024-12-20', 3, 'Set', ''),
(378, NULL, 'Kuesioner HP Survei Harga Produsen 2025', '2024-12-27', 154, 'SET', ''),
(379, NULL, 'Kuesioner HPT Survei Harga Produsen 2025', '2024-12-27', 12, 'SET', ''),
(380, NULL, 'Suplemen SHP Survei Harga Produsen 2025', '2024-12-27', 52, 'SET', ''),
(381, NULL, 'Sepatu Boots Pertanian', '2024-12-20', 5, 'PASANG', ''),
(382, NULL, 'Terpal Jemur Gabah', '2024-12-20', 5, 'BUAH', ''),
(383, NULL, 'Tas Petugas SP20 Papua', '2024-12-20', 10, 'BUAH', ''),
(384, NULL, 'KALENDER DINDING TAHIN 2025', '2025-01-06', 45, 'EKSEMPLAR', ''),
(385, NULL, 'KALENDER MEJA TAHUN 2025', '2025-01-06', 34, 'EKSEMPLAR', ''),
(386, NULL, 'BUKU KERJA TAHUN 2025', '2025-01-06', 34, 'EKSEMPLAR', ''),
(387, NULL, 'Buku Pedoman Pendataan Sakernas Februari 2025', '2025-02-10', 9, 'BUKU', 'Transfer masuk ONLINE'),
(388, NULL, 'Kuesioner SAK.FEB25-AK', '2025-02-10', 9, 'SET', 'Transfer masuk ONLINE'),
(389, 14, 'ORDNER 70 MM', '2025-02-19', 15, 'BUAH', 'PT BINO MITRA SEJATI'),
(390, NULL, 'KANTONG PLASTIK SAMPAH', '2025-02-20', 4, 'PACK', '???'),
(391, 79, 'TISU 250S', '2025-03-07', 26, 'BUAH', 'Jumbo Swalayan'),
(392, 125, 'TISU TOILET PACK', '2025-03-07', 6, 'PACK', '45.500/pack'),
(393, NULL, 'BATERAI AA ALKALINE', '2025-03-07', 2, 'PACK', '21.000/pack'),
(394, 58, 'PEMBERSIH POSELEN & KERAMIK YURI PORSTEX', '2025-03-07', 3, 'BOTOL', ''),
(395, NULL, 'PEMBERSIH FURNITUR SPRAY', '2025-03-07', 1, 'Botol', '28.900/botol'),
(396, NULL, 'PEMBERSIH FURNITUR POUCH', '2025-03-07', 2, 'Buah', '21.700/pouch'),
(397, 238, 'PEMBERSIH LANTAI WIPOL', '2025-03-07', 1, 'BUAH', ''),
(398, NULL, 'SABUN CUCI PIRING PUMP', '2025-03-07', 1, 'Botol', '35.900/botol'),
(399, NULL, 'SABUN CUCI PIRING', '2025-03-07', 2, 'BUAH', '18.500/pouch'),
(400, 57, 'HAND SOAP YURI', '2025-03-07', 2, 'PCS', '21.400/buah'),
(401, NULL, 'HANDWASH PUMP', '2025-03-07', 1, 'Botol', '35.900/botol'),
(402, 68, 'KAMPER TOILET DAHLIA', '2025-03-07', 8, 'PACK', '27.000/buah'),
(403, 63, 'PENGHARUM RUANGAN GLADE AIR FRESHENER', '2025-03-07', 5, 'PCS', '12.300/buah'),
(404, 29, 'KERTAS HVS A4', '2025-03-07', 26, 'RIM', 'Gramedia'),
(405, 30, 'KERTAS HVS F4', '2025-03-07', 5, 'RIM', '58.000/rim'),
(406, 214, 'KERTAS HVS A3', '2025-03-07', 1, 'RIM', '100.000/rim'),
(407, NULL, 'BUKU FOLIO', '2025-03-07', 1, 'BUAH', '43.000/buah'),
(408, NULL, 'BINDER CLIP NO.155', '2025-03-07', 3, 'BOX', '11.000/box'),
(409, 119, 'BINDER CLIP ZRM NO.107', '2025-03-07', 5, 'BUAH', '4500/box'),
(410, NULL, 'ISI STAPLES NO.10', '2025-03-07', 3, 'BUAH', '7.000/box'),
(411, NULL, 'PAGE MARKER KECIL/5 COLORS', '2025-03-07', 24, 'BUAH', '18.000/buah'),
(412, NULL, 'PAPER CLIP NO.1 100 PCS', '2025-03-07', 3, 'BOX', '7900/box'),
(413, 14, 'ORDNER 70 MM', '2025-03-07', 25, 'BUAH', '53.000/buah'),
(414, 14, 'ORDNER 70 MM', '2025-03-13', 15, 'BUAH', 'CV BINO MITRA SEJATI'),
(415, 47, 'TINTA EPSON 008 BLACK', '2025-03-17', 2, 'BOTOL', '300.000/buah (PRINTAMANS)'),
(416, 31, 'CARTRIDGE TONER CF289A HP', '2025-03-17', 1, 'BUAH', '2.600.0000/buah (PRINTAMANS)'),
(417, NULL, 'STOFMAP PACK', '2025-03-19', 4, 'PACK', 'CV REMPAH MANADO'),
(418, NULL, 'KANTONG PLASTIK SAMPAH', '2025-04-24', 4, 'PACK', 'JUMBO SWALAYAN'),
(419, NULL, 'MAP BPS', '2025-04-24', 600, 'BUAH', 'CV PRINTAMANS'),
(420, NULL, 'Cartridge HP 682 BLACK', '2025-04-25', 1, 'BUAH', ''),
(421, NULL, 'Cartridge HP 682 COLOR', '2025-04-25', 1, 'BUAH', ''),
(422, 73, 'BATERAI MIC ENERGIZER MAX', '2025-04-25', 3, 'BUAH', '41.000/BUAH'),
(423, 74, 'BATERAI AAA ENERGIZER MAX', '2025-04-25', 1, 'BUAH', '53.000/buah'),
(424, NULL, 'BATERAI AA', '2025-04-25', 1, 'PACK', '55.000/buah'),
(425, 56, 'SABUN CUCI PIRING MAMA LEMON', '2025-04-25', 1, 'PCS', ''),
(426, 58, 'PEMBERSIH POSELEN & KERAMIK YURI PORSTEX', '2025-04-25', 1, 'BOTOL', '18.300/buah'),
(427, NULL, 'BATERAI AA', '2025-04-25', 1, 'PACK', '43.000/buah'),
(428, NULL, 'KAMPER TOILET', '2025-04-25', 2, 'PACK', '27.000/buah (DAHLIA KAMPER)'),
(429, NULL, 'KAMPER TOILET', '2025-04-25', 2, 'PACK', '27.000/buah (DAHLIA KAMPER)'),
(430, NULL, 'KAMPER TOILET', '2025-04-25', 1, 'PACK', '27.000/buah (DAHLIA KAMPER)'),
(431, 14, 'ORDNER 70 MM', '2025-05-20', 15, 'BUAH', ''),
(432, NULL, 'CARTRIDGE ORIGINAL-CF217A', '2025-05-21', 1, 'BUAH', ''),
(433, 31, 'CARTRIDGE TONER CF289A HP', '2025-05-21', 2, 'BUAH', ''),
(434, 34, 'TINTA EPSON 003 CYAN', '2025-05-21', 1, 'BOTOL', ''),
(435, 33, 'TINTA EPSON 003 MAGENTA', '2025-05-21', 1, 'BOTOL', ''),
(436, 35, 'TINTA EPSON 003 YELLOW', '2025-05-21', 1, 'BOTOL', ''),
(437, 47, 'TINTA EPSON 008 BLACK', '2025-05-21', 2, 'BOTOL', ''),
(438, NULL, 'MAINTENANCE BOX EPSON L1455', '2025-05-23', 2, 'Buah', ''),
(439, NULL, 'MAINTENANCE BOX EPSON L15160', '2025-05-23', 2, 'BUAH', ''),
(440, 3, 'PULPEN STANDARD BOLDLINER PRO 0.8', '2025-06-17', 10, 'BUAH', ''),
(441, 214, 'KERTAS HVS A3', '2025-06-17', 3, 'RIM', ''),
(442, 29, 'KERTAS HVS A4', '2025-06-17', 30, 'RIM', ''),
(443, 14, 'ORDNER 70 MM', '2025-06-23', 30, 'BUAH', ''),
(444, NULL, 'AMPLOP COKLAT 310', '2025-07-04', 5, 'PACK', '12.000/buah'),
(445, NULL, 'AMPLOP COKLAT 311', '2025-07-04', 2, 'PACK', '13.800/buah'),
(446, 7, 'BINDER CLIPS KENKO NO.200', '2025-07-04', 2, 'BOX', '13.000/BUAH'),
(447, NULL, 'BINDER CLIP NO.155', '2025-07-04', 3, 'BOX', '9.600/box'),
(448, NULL, 'BINDER CLIP NO.105', '2025-07-04', 12, 'BOX', '4.800/box'),
(449, 21, 'LAKBAN BESAR BENING', '2025-07-04', 5, 'ROL', '10.500/buah'),
(450, 20, 'LAKBAN BESAR HITAM', '2025-07-04', 2, 'ROL', '30.000/buah'),
(451, NULL, 'PULPEN 0.7 MM', '2025-07-04', 60, 'BUAH', '3.800/buah'),
(452, NULL, 'ISI STAPLES NO.10', '2025-07-04', 20, 'BUAH', '1.800/BUAH'),
(453, NULL, 'ISI STAPLES NO.3', '2025-07-04', 20, 'BOX', '4.200/buah'),
(454, NULL, 'PERFERATOR', '2025-07-04', 3, 'BUAH', '29.000/buah'),
(455, NULL, 'PENSIL 2B', '2025-07-04', 36, 'BUAH', '1.200/BUAH'),
(456, NULL, 'PENSIL 2B', '2025-07-04', 36, 'BUAH', '1.100/buah'),
(457, NULL, 'PAPER CLIP NO.1', '2025-07-04', 5, 'BOX', '2.500/buah'),
(458, 238, 'PEMBERSIH LANTAI WIPOL', '2025-07-04', 2, 'BUAH', '21.300/buah'),
(459, NULL, 'PENGHARUM RUANGAN BOTOL BESAR', '2025-07-04', 3, 'BOTOL', '31.700/BUAH'),
(460, 125, 'TISU TOILET PACK', '2025-07-04', 4, 'PACK', '45.500/PACK'),
(461, NULL, 'DEODORIZER (PENGHARUM TOILET)', '2025-07-04', 3, 'BUAH', 'DAHLIA 20.400/BUAH'),
(462, NULL, 'DEODORIZER (PENGHARUM TOILET)', '2025-07-04', 3, 'BUAH', 'SEAGULL 18.300/BUAH'),
(463, NULL, 'DEODORIZER (PENGHARUM TOILET) REFILL', '2025-07-04', 12, 'BUAH', '12.000 dan 14.300/buah'),
(464, 71, 'TISU 200S', '2025-07-04', 20, 'BUAH', '6.300/BUAH'),
(465, NULL, 'PEMBERSIH KACA', '2025-07-04', 5, 'BUAH', '4.000/buah'),
(466, NULL, 'HANDSOAP', '2025-07-04', 2, 'BUAH', 'NUVO BIRU 12.200/BUAH'),
(467, NULL, 'BATERAI AA ALKALINE', '2025-07-04', 3, 'PACK', '57.000/BUAH'),
(468, NULL, 'BATERAI AAA ALKALINE', '2025-07-04', 3, 'PACK', '57.000/BUAH'),
(469, NULL, 'PEMBERSIH KACA SPRAY', '2025-07-04', 2, 'BOTOL', '10.000/BUAH'),
(470, NULL, 'HANDSOAP', '2025-07-04', 2, 'BUAH', 'NUVO MERAH 12.200/BUAH'),
(471, NULL, 'SABUN CUCI PIRING', '2025-07-04', 4, 'BUAH', 'LIGENT . 18.500/BUAH'),
(472, 59, 'PEMBERSIH LANTAI SUPERPEL', '2025-07-04', 1, 'BOTOL', '72.200/BUAH'),
(473, 58, 'PEMBERSIH POSELEN & KERAMIK YURI PORSTEX', '2025-07-04', 1, 'BOTOL', '86.900/BUAH'),
(474, NULL, 'Cartridge HP 682 BLACK', '2025-07-28', 4, 'BUAH', 'MEGA SURYA PRINT'),
(475, NULL, 'Cartridge HP 682 COLOR', '2025-07-28', 2, 'BUAH', 'MEGA SURYA PRINT'),
(476, NULL, 'BLOCKNOTE', '2025-07-28', 51, 'BUAH', 'GRAMEDIA'),
(477, NULL, 'RAUTAN PENSIL', '2025-07-28', 51, 'BUAH', ''),
(478, NULL, 'PULPEN HITAM GEL', '2025-07-28', 51, 'BUAH', ''),
(479, NULL, 'PULPEN 4 WARNA', '2025-07-28', 51, 'BUAH', ''),
(480, NULL, 'PENGHAPUS PENSIL', '2025-07-28', 51, 'BUAH', ''),
(481, NULL, 'PENSIL 2B PACK', '2025-07-28', 10, 'PACK', ''),
(482, 29, 'Kertas HVS A4', '2025-07-30', 15, 'RIM', 'MEGA SURYA PRINT'),
(483, 287, 'Kuesioner Seruti Inti VSERUTI25.INTI (2)', '2025-06-02', 160, 'SET', ''),
(484, 278, 'Kuesioner Seruti Mak VSERUTI25.MAK', '2025-06-02', 160, 'SET', ''),
(485, NULL, 'Kuesioner Sakernas SAKAGS25-AK', '2025-08-06', 33, 'SET', ''),
(486, NULL, 'Buku Pedoman Pendataan Sakernas Agustus 2025', '2025-08-06', 33, 'BUKU', ''),
(487, 291, 'DOCUMENT TRAY', '2025-08-14', 4, 'BUAH', 'gramedia'),
(488, 29, 'KERTAS HVS A4', '2025-08-14', 35, 'RIM', 'gramedia'),
(489, NULL, 'Buku 4 Konsep dan Definisi Susenas September 2025 (Pelatihan)', '2025-08-25', 14, 'Buku', ''),
(490, NULL, 'Kuesioner Susenas September 2025 VSEN25.DSLS (Pelatihan)', '2025-08-25', 26, 'Set', ''),
(491, NULL, 'Kuesioner Susenas September 2025 VSEN25.DSRT (Pelatihan)', '2025-08-25', 26, 'Set', ''),
(492, 285, 'Kuesioner Susenas September 2025 VSEN25.M (Pelatihan)', '2025-08-25', 26, 'Set', ''),
(493, 286, 'Kuesioner Susenas September 2025 VSEN25.KP (Pelatihan)', '2025-08-25', 26, 'Set', ''),
(494, 287, 'Kuesioner Seruti Inti VSERUTI25.INTI (Pelatihan)', '2025-08-25', 26, 'Set', ''),
(495, 288, 'Kuesioner Susenas September 2025 VSEN25.M (Pelaksanaan)', '2025-08-25', 160, 'Set', ''),
(496, 289, 'Kuesioner Susenas September 2025 VSEN25.KP (Pelaksanaan)', '2025-08-25', 160, 'Set', ''),
(497, 290, 'Kuesioner Seruti Inti VSERUTI25.INTI (Pelaksanaan)', '2025-08-25', 160, 'Set', ''),
(498, 14, 'ORDNER 70 MM', '2025-08-27', 30, 'BUAH', 'bino mitra'),
(499, 125, 'TISU TOILET PACK', '2025-08-27', 3, 'PACK', ''),
(500, 31, 'CARTRIDGE TONER CF289A HP', '2025-09-18', 1, 'BUAH', 'PRINTAMANS (CAM)'),
(501, 40, 'CARTRIDGE TONER COMPT-CE505A', '2025-09-18', 3, 'BUAH', 'PRINTAMANS (CAM)'),
(502, 295, 'CARTRIDGE COMPATIBLE 6230', '2025-09-18', 3, 'BUAH', 'PRINTAMANS (CAM)'),
(503, NULL, 'CARTRIDGE ORIGINAL-CF217A', '2025-09-18', 1, 'BUAH', 'PRINTAMANS (CAM)'),
(504, 305, 'EARPHONE', '2025-10-01', 17, 'BUAH', 'PRINTAMANS'),
(505, 306, 'MOUSE WIRELESS', '2025-10-01', 18, 'BUAH', 'PRINTAMANS'),
(506, NULL, 'GUNTING KECIL', '2025-10-09', 2, 'BUAH', 'CV REMPAH MANADO'),
(507, 21, 'LAKBAN BESAR BENING', '2025-10-09', 5, 'ROL', 'CV REMPAH MANADO'),
(508, 20, 'LAKBAN BESAR HITAM', '2025-10-09', 2, 'ROL', 'CV REMPAH MANADO'),
(509, 292, 'INDEX & MARKS 7 COLOR', '2025-10-09', 10, 'PACK', 'CV REMPAH MANADO'),
(510, 48, 'TINTA EPSON 008 MAGENTA', '2025-10-09', 1, 'BOTOL', 'MEGA SURYA PRINT'),
(511, 49, 'TINTA EPSON 008 YELLOW', '2025-10-09', 1, 'BOTOL', 'MEGA SURYA PRINT'),
(512, 46, 'TINTA EPSON 008 CYAN', '2025-10-09', 1, 'BOTOL', 'MEGA SURYA PRINT'),
(513, 293, 'TINTA ISI ULANG STAMPEL 5CC', '2025-10-09', 2, 'BUAH', 'MEGA SURYA PRINT'),
(514, NULL, 'PENGHARUM RUANGAN BOTOL BESAR', '2025-10-07', 2, 'BOTOL', 'JUMBO SWALAYAN'),
(515, 294, 'SABUN CUCI/DETERGENT', '2025-10-07', 2, 'BUAH', 'JUMBO SWALAYAN'),
(516, NULL, 'SABUN CUCI PIRING JERIGEN', '2025-10-07', 2, 'JERIGEN', 'JUMBO SWALAYAN'),
(517, NULL, 'KANTONG PLASTIK SAMPAH', '2025-10-07', 2, 'PACK', 'JUMBO SWALAYAN'),
(518, 71, 'TISU 200S', '2025-10-07', 10, 'BUAH', 'JUMBO SWALAYAN'),
(519, 125, 'TISU TOILET PACK', '2025-10-07', 6, 'PACK', 'JUMBO SWALAYAN');

-- --------------------------------------------------------

--
-- Table structure for table `pengeluaran`
--

CREATE TABLE `pengeluaran` (
  `id_pengeluaran` int(11) NOT NULL,
  `id_barang` int(11) DEFAULT NULL,
  `nama_barang_input` text NOT NULL,
  `nama_pegawai` varchar(100) NOT NULL,
  `tanggal` date NOT NULL,
  `jumlah` int(11) NOT NULL,
  `satuan` varchar(50) DEFAULT NULL,
  `keterangan` text DEFAULT NULL,
  `no_bukti` int(11) NOT NULL
) ENGINE=InnoDB DEFAULT CHARSET=utf8mb4 COLLATE=utf8mb4_general_ci;

--
-- Dumping data for table `pengeluaran`
--

INSERT INTO `pengeluaran` (`id_pengeluaran`, `id_barang`, `nama_barang_input`, `nama_pegawai`, `tanggal`, `jumlah`, `satuan`, `keterangan`, `no_bukti`) VALUES
(1, NULL, 'CLIPBOARD ST23', 'Munawir Kobis', '2025-01-02', 65, 'BUAH', 'Sudah Disetujui', 1),
(2, NULL, 'CLIPBOARD ST23', 'Vivi Novita Sumampouw', '2025-01-02', 4, 'BUAH', 'Sudah Disetujui', 2),
(3, NULL, 'CLIPBOARD ST23', 'Natalia Ondang', '2025-01-02', 4, 'BUAH', 'Sudah Disetujui', 3),
(4, NULL, 'CLIPBOARD ST23', 'Frisca Ully Saragih', '2025-01-02', 33, 'BUAH', 'Sudah Disetujui', 4),
(5, NULL, 'CLIPBOARD ST23', 'Elrini Wuisan', '2025-01-02', 13, 'BUAH', 'Sudah Disetujui', 5),
(6, NULL, 'Buku Pedoman Pencacah Susenas Maret 2025', 'Munawir Kobis', '2025-01-03', 67, 'Buku', 'Sudah Disetujui', 6),
(7, NULL, 'Buku Pedoman Pengawas Susenas Maret 2025', 'Munawir Kobis', '2025-01-03', 24, 'Buku', 'Sudah Disetujui', 6),
(8, NULL, 'Buku Konsep dan Definisi Susenas Maret 2025', 'Munawir Kobis', '2025-01-03', 67, 'Buku', 'Sudah Disetujui', 6),
(9, NULL, 'Buku Pedoman Seruti 2025', 'Munawir Kobis', '2025-01-03', 26, 'Buku', 'Sudah Disetujui', 6),
(10, NULL, 'Kuesioner Susenas VSEN25.KP', 'Munawir Kobis', '2025-01-03', 700, 'Set', 'Sudah Disetujui', 6),
(11, NULL, 'Kuesioner Susenas VSEN25.K', 'Munawir Kobis', '2025-01-03', 700, 'Set', 'Sudah Disetujui', 6),
(12, NULL, 'Kuesioner Seruti Inti VSERUTI25.INTI', 'Munawir Kobis', '2025-01-03', 160, 'Set', 'Sudah Disetujui', 6),
(13, NULL, 'Kuesioner Susenas VSEN25.KP Pelatihan', 'Munawir Kobis', '2025-01-03', 67, 'Set', 'Sudah Disetujui', 6),
(14, NULL, 'Kuesioner Susenas VSEN25.K Pelatihan', 'Munawir Kobis', '2025-01-03', 67, 'Set', 'Sudah Disetujui', 6),
(15, NULL, 'Kuesioner VSEN25.P Pelatihan', 'Munawir Kobis', '2025-01-03', 67, 'Set', 'Sudah Disetujui', 6),
(16, NULL, 'Kuesioner VSEN25.DSRT Pelatihan', 'Munawir Kobis', '2025-01-03', 67, 'SET', 'Sudah Disetujui', 6),
(17, NULL, 'Kuesioner VSEN25.DSBS Pelatihan', 'Munawir Kobis', '2025-01-03', 67, 'SET', 'Sudah Disetujui', 6),
(18, NULL, 'Kuesioner Seruti Inti VSERUTI25.INTI Pelatihan', 'Munawir Kobis', '2025-01-03', 26, 'SET', 'Sudah Disetujui', 6),
(19, NULL, 'Daftar SP-Lahan, SP-Alsintan TP dan Benih TP (Ubinan 2025)', 'Sastadeferah Risab', '2025-01-03', 13, 'Buku', 'Sudah Disetujui', 7),
(20, NULL, 'Kuesioner Sub-S Survei Ubinan (Ubinan 2025)', 'Sastadeferah Risab', '2025-01-03', 98, 'Set', 'Sudah Disetujui', 7),
(21, NULL, 'Rekap Kab/Kota SP Tanaman Pangan (Ubinan 2025)', 'Sastadeferah Risab', '2025-01-03', 1, 'Buku', 'Sudah Disetujui', 7),
(22, NULL, 'Daftar SP-Palawija (Ubinan 2025)', 'Sastadeferah Risab', '2025-01-03', 13, 'Buku', 'Sudah Disetujui', 7),
(23, NULL, 'Kuesioner Survei Perusahaan Perkebunan Kelapa Bulanan (SKB-Kelapa)', 'Sastadeferah Risab', '2025-01-03', 36, 'Set', 'Sudah Disetujui', 7),
(24, NULL, 'Kuesioner Survei Perusahaan Perkebunan Tahunan (SKB-Tahunan)', 'Sastadeferah Risab', '2025-01-03', 3, 'Set', 'Sudah Disetujui', 7),
(25, NULL, 'Kuesioner HP Survei Harga Produsen 2025', 'Elrini Wuisan', '2025-01-03', 154, 'SET', 'Sudah Disetujui', 8),
(26, NULL, 'Kuesioner HPT Survei Harga Produsen 2025', 'Elrini Wuisan', '2025-01-03', 12, 'SET', 'Sudah Disetujui', 8),
(27, NULL, 'Suplemen SHP Survei Harga Produsen 2025', 'Elrini Wuisan', '2025-01-03', 52, 'SET', 'Sudah Disetujui', 8),
(28, NULL, 'Sepatu Boots Pertanian', 'Vivi Novita Sumampouw', '2025-01-03', 5, 'PASANG', 'Sudah Disetujui', 9),
(29, NULL, 'Terpal Jemur Gabah', 'Vivi Novita Sumampouw', '2025-01-03', 5, 'BUAH', 'Sudah Disetujui', 9),
(30, NULL, 'Tas Petugas SP20 Papua', 'Munawir Kobis', '2025-01-03', 10, 'BUAH', 'Sudah Disetujui', 10),
(31, NULL, 'ORDNER 70 MM', 'Yanti Jane Ivonne Kaeng', '2025-01-03', 2, 'BUAH', 'Sudah Disetujui', 11),
(32, NULL, 'KERTAS HVS A4', 'Rahadita Nur Haida', '2025-01-06', 1, 'RIM', 'Sudah Disetujui', 12),
(33, NULL, 'PAPER CLIPS COLORFUL', 'Rahadita Nur Haida', '2025-01-06', 1, 'PACK', 'Sudah Disetujui', 12),
(34, NULL, 'KERTAS HVS A4', 'Elrini Wuisan', '2025-01-06', 1, 'RIM', 'Sudah Disetujui', 13),
(35, NULL, 'ORDNER 70 MM', 'Vonny Joice Lalujan', '2025-01-06', 1, 'BUAH', 'Sudah Disetujui', 14),
(36, NULL, 'TISU TOILET', 'Tonny Herman Johan Mangempis', '2025-01-06', 8, 'GULUNG', 'Sudah Disetujui', 15),
(37, NULL, 'HAND SOAP YURI', 'Tonny Herman Johan Mangempis', '2025-01-06', 1, 'PCS', 'Sudah Disetujui', 15),
(38, NULL, 'PAGE MARKER KECIL/5 COLORS', 'Rikky Rugian', '2025-01-06', 1, 'BUAH', 'Sudah Disetujui', 16),
(39, NULL, 'KALENDER DINDING TAHIN 2025', 'Tonny Herman Johan Mangempis', '2025-01-07', 45, 'EKSEMPLAR', 'Sudah Disetujui', 17),
(40, NULL, 'KALENDER MEJA TAHUN 2025', 'Tonny Herman Johan Mangempis', '2025-01-07', 34, 'EKSEMPLAR', 'Sudah Disetujui', 17),
(41, NULL, 'BUKU KERJA TAHUN 2025', 'Tonny Herman Johan Mangempis', '2025-01-07', 34, 'EKSEMPLAR', 'Sudah Disetujui', 17),
(42, NULL, 'MAP BPS ST2023', 'Farhan', '2025-01-08', 5, 'BUAH', 'Sudah Disetujui', 18),
(43, NULL, 'PULPEN PACK PLASTIK', 'Vonny Joice Lalujan', '2025-01-08', 1, 'PACK', 'Sudah Disetujui', 19),
(44, NULL, 'KERTAS HVS A4', 'Marthedy Mormin Tenggehi', '2025-01-09', 1, 'RIM', 'Sudah Disetujui', 20),
(45, NULL, 'BINDER CLIPS KENKO NO.111', 'Fadila Ahmad', '2025-01-09', 1, 'BOX', 'Sudah Disetujui', 21),
(46, NULL, 'MAP BPS ST2023', 'Ni Putu Beliana Puspita Sari', '2025-01-13', 35, 'BUAH', 'Sudah Disetujui', 22),
(47, NULL, 'KERTAS HVS A4', 'Ni Putu Beliana Puspita Sari', '2025-01-13', 2, 'RIM', 'Sudah Disetujui', 22),
(48, NULL, 'PAPER CLIPS COLORFUL', 'Ni Putu Beliana Puspita Sari', '2025-01-13', 1, 'PACK', 'Sudah Disetujui', 22),
(49, NULL, 'ISI STAPLES NO.10', 'Ni Putu Beliana Puspita Sari', '2025-01-13', 2, 'BUAH', 'Sudah Disetujui', 22),
(50, NULL, 'PAPER CLIP NO.1', 'Kennedy Umadji', '2025-01-14', 1, 'BOX', 'Sudah Disetujui', 23),
(51, NULL, 'MAP BPS ST2023', 'Rahadita Nur Haida', '2025-01-14', 5, 'BUAH', 'Sudah Disetujui', 24),
(52, NULL, 'MAP TALI PLASTIK', 'Rahadita Nur Haida', '2025-01-14', 2, 'BUAH', 'Sudah Disetujui', 24),
(53, NULL, 'TISU TOILET PACK', 'Habel Nitalessy', '2025-01-20', 1, 'PACK', 'Sudah Disetujui', 25),
(54, NULL, 'TAPLAK MEJA', 'Habel Nitalessy', '2025-01-20', 1, 'BUAH', 'Sudah Disetujui', 25),
(55, NULL, 'KERTAS HVS A4', 'Yanti Jane Ivonne Kaeng', '2025-01-20', 1, 'RIM', 'Sudah Disetujui', 26),
(56, NULL, 'PAGE MARKER KECIL/5 COLORS', 'Yanti Jane Ivonne Kaeng', '2025-01-20', 1, 'BUAH', 'Sudah Disetujui', 26),
(57, NULL, 'BINDER CLIPS KENKO NO.111', 'Yanti Jane Ivonne Kaeng', '2025-01-20', 1, 'BOX', 'Sudah Disetujui', 26),
(58, NULL, 'ORDNER 70 MM', 'Yanti Jane Ivonne Kaeng', '2025-01-20', 2, 'BUAH', 'Sudah Disetujui', 26),
(59, NULL, 'LEM KERTAS STICK KECIL', 'Defi Astuti Anggraeni', '2025-01-20', 1, 'BUAH', 'Sudah Disetujui', 27),
(60, NULL, 'SABUN CUCI PIRING MAMA LEMON', 'Defi Astuti Anggraeni', '2025-01-20', 1, 'PCS', 'Sudah Disetujui', 27),
(61, NULL, 'STAPLER HD-10', 'Rikky Rugian', '2025-01-21', 1, 'BUAH', 'Sudah Disetujui', 28),
(62, NULL, 'MAP BPS ST2023', 'Rikky Rugian', '2025-01-21', 6, 'BUAH', 'Sudah Disetujui', 28),
(63, NULL, 'KAMPER TOILET', 'Habel Nitalessy', '2025-01-30', 1, 'PACK', 'Sudah Disetujui', 29),
(64, NULL, 'TISU TOILET PACK', 'Habel Nitalessy', '2025-01-30', 1, 'PACK', 'Sudah Disetujui', 29),
(65, NULL, 'TISU 250S', 'Habel Nitalessy', '2025-01-30', 4, 'BUAH', 'Sudah Disetujui', 29),
(66, NULL, 'SABUN PEMBERSIH LANTAI', 'Habel Nitalessy', '2025-01-30', 1, 'BUAH', 'Sudah Disetujui', 29),
(67, NULL, 'PENGHARUM RUANGAN GLADE AIR FRESHENER', 'Habel Nitalessy', '2025-01-30', 2, 'PCS', 'Sudah Disetujui', 29),
(68, NULL, 'PAGE MARKER KECIL/5 COLORS', 'Frisca Ully Saragih', '2025-01-30', 1, 'BUAH', 'Sudah Disetujui', 30),
(69, NULL, 'PULPEN ZEBRA HANA 4C', 'Frisca Ully Saragih', '2025-01-30', 1, 'BUAH', 'Sudah Disetujui', 30),
(70, NULL, 'LAKBAN BESAR BENING', 'Frisca Ully Saragih', '2025-01-30', 1, 'ROL', 'Sudah Disetujui', 30),
(71, NULL, 'KERTAS HVS A4', 'Munawir Kobis', '2025-01-30', 1, 'RIM', 'Sudah Disetujui', 31),
(72, NULL, 'BINDER CLIPS KENKO NO.107', 'Munawir Kobis', '2025-01-30', 2, 'BOX', 'Sudah Disetujui', 31),
(73, NULL, 'TISU 250S', 'Vonny Joice Lalujan', '2025-01-31', 2, 'BUAH', 'Sudah Disetujui', 32),
(74, NULL, 'ORDNER 70 MM', 'Elrini Wuisan', '2025-01-31', 2, 'BUAH', 'Sudah Disetujui', 33),
(75, NULL, 'PAPER CLIP NO.1', 'Elrini Wuisan', '2025-01-31', 2, 'BOX', 'Sudah Disetujui', 33),
(76, NULL, 'KERTAS HVS A4', 'Ni Putu Beliana Puspita Sari', '2025-02-04', 1, 'RIM', 'Sudah Disetujui', 34),
(77, NULL, 'TINTA EPSON 008 MAGENTA', 'Ni Putu Beliana Puspita Sari', '2025-02-04', 1, 'BOTOL', 'Sudah Disetujui', 34),
(78, NULL, 'TINTA EPSON 008 BLACK', 'Ni Putu Beliana Puspita Sari', '2025-02-04', 1, 'BOTOL', 'Sudah Disetujui', 34),
(79, NULL, 'MAP BPS ST2023', 'Vini Cristin', '2025-02-04', 2, 'BUAH', 'Sudah Disetujui', 35),
(80, NULL, 'BINDER CLIPS KENKO NO.200', 'Frisca Ully Saragih', '2025-02-04', 1, 'BOX', 'Sudah Disetujui', 36),
(81, NULL, 'PAPER CLIPS COLORFUL', 'Frisca Ully Saragih', '2025-02-04', 1, 'PACK', 'Sudah Disetujui', 36),
(82, NULL, 'STAPLER HD-10', 'Frisca Ully Saragih', '2025-02-04', 1, 'BUAH', 'Sudah Disetujui', 36),
(83, NULL, 'ISI STAPLES ZRM NO.3', 'Frisca Ully Saragih', '2025-02-04', 1, 'BOX', 'Sudah Disetujui', 36),
(84, NULL, 'BINDER CLIPS KENKO NO.111', 'Frisca Ully Saragih', '2025-02-04', 1, 'BOX', 'Sudah Disetujui', 36),
(85, NULL, 'PAPER CLIPS COLORFUL', 'Vivi Novita Sumampouw', '2025-02-04', 1, 'PACK', 'Sudah Disetujui', 37),
(86, NULL, 'BINDER CLIPS KENKO NO.107', 'Vonny Joice Lalujan', '2025-02-04', 1, 'BOX', 'Sudah Disetujui', 38),
(87, NULL, 'STAPLER HD-10', 'Vonny Joice Lalujan', '2025-02-04', 1, 'BUAH', 'Sudah Disetujui', 38),
(88, NULL, 'ISI STAPLES NO.10', 'Vonny Joice Lalujan', '2025-02-04', 1, 'BUAH', 'Sudah Disetujui', 38),
(89, NULL, 'PAPER CLIP NO.1', 'Vonny Joice Lalujan', '2025-02-04', 1, 'BOX', 'Sudah Disetujui', 38),
(90, NULL, 'STABILO BOSS', 'Vonny Joice Lalujan', '2025-02-04', 1, 'BUAH', 'Sudah Disetujui', 38),
(91, NULL, 'BINDER CLIPS KENKO NO.111', 'Vonny Joice Lalujan', '2025-02-04', 1, 'BOX', 'Sudah Disetujui', 38),
(92, NULL, 'LEM KERTAS STICK KECIL', 'Vonny Joice Lalujan', '2025-02-04', 1, 'BUAH', 'Sudah Disetujui', 38),
(93, NULL, 'PAGE MARKER KECIL/5 COLORS', 'Vonny Joice Lalujan', '2025-02-04', 1, 'BUAH', 'Sudah Disetujui', 38),
(94, NULL, 'BINDER CLIPS KENKO NO.107', 'Lazia Outenty Bimbangnaung', '2025-02-04', 1, 'BOX', 'Sudah Disetujui', 39),
(95, NULL, 'BINDER CLIPS KENKO NO.111', 'Lazia Outenty Bimbangnaung', '2025-02-04', 1, 'BOX', 'Sudah Disetujui', 39),
(96, NULL, 'PAPER CLIPS COLORFUL', 'Lazia Outenty Bimbangnaung', '2025-02-04', 1, 'PACK', 'Sudah Disetujui', 39),
(97, NULL, 'ISI STAPLES NO.10', 'Lazia Outenty Bimbangnaung', '2025-02-04', 1, 'BUAH', 'Sudah Disetujui', 39),
(98, NULL, 'STAPLER HD-10', 'Lazia Outenty Bimbangnaung', '2025-02-04', 1, 'BUAH', 'Sudah Disetujui', 39),
(99, NULL, 'PAGE MARKER KECIL/5 COLORS', 'Lazia Outenty Bimbangnaung', '2025-02-04', 1, 'BUAH', 'Sudah Disetujui', 39),
(100, NULL, 'LEM KERTAS STICK KECIL', 'Lazia Outenty Bimbangnaung', '2025-02-04', 1, 'BUAH', 'Sudah Disetujui', 39),
(101, NULL, 'BINDER CLIPS KENKO NO.111', 'Fadila Ahmad', '2025-02-05', 2, 'BOX', 'Sudah Disetujui', 40),
(102, NULL, 'PAPER CLIPS COLORFUL', 'Fadila Ahmad', '2025-02-05', 1, 'PACK', 'Sudah Disetujui', 40),
(103, NULL, 'STAPLER HD-10', 'Fadila Ahmad', '2025-02-05', 1, 'BUAH', 'Sudah Disetujui', 40),
(104, NULL, 'ISI STAPLES NO.10', 'Fadila Ahmad', '2025-02-05', 1, 'BUAH', 'Sudah Disetujui', 40),
(105, NULL, 'PAGE MARKER KECIL/5 COLORS', 'Fadila Ahmad', '2025-02-05', 1, 'BUAH', 'Sudah Disetujui', 40),
(106, NULL, 'PAPER CLIP NO.1', 'Fadila Ahmad', '2025-02-05', 1, 'BOX', 'Sudah Disetujui', 40),
(107, NULL, 'CARTRIDGE ORIGINAL CANON 325', 'Yanti Jane Ivonne Kaeng', '2025-02-05', 1, 'BUAH', 'Sudah Disetujui', 41),
(108, NULL, 'CARTRIDGE TONER COMPT-CE505A', 'Julianti Hartanto', '2025-02-05', 1, 'BUAH', 'Sudah Disetujui', 42),
(109, NULL, 'MAP BPS ST2023', 'Munawir Kobis', '2025-02-06', 1, 'BUAH', 'Sudah Disetujui', 43),
(110, NULL, 'PAGE MARKER KECIL/5 COLORS', 'Daniel Salu', '2025-02-06', 1, 'BUAH', 'Sudah Disetujui', 44),
(111, NULL, 'Buku Pedoman Pendataan Sakernas Februari 2025', 'Munawir Kobis', '2025-02-11', 9, 'BUKU', 'Sudah Disetujui', 45),
(112, NULL, 'Kuesioner SAK.FEB25-AK', 'Munawir Kobis', '2025-02-11', 9, 'SET', 'Sudah Disetujui', 45),
(113, NULL, 'TISU TOILET PACK', 'Habel Nitalessy', '2025-02-13', 1, 'PACK', 'Sudah Disetujui', 46),
(114, NULL, 'TISU 250S', 'Habel Nitalessy', '2025-02-13', 4, 'BUAH', 'Sudah Disetujui', 46),
(115, NULL, 'KAMPER TOILET', 'Habel Nitalessy', '2025-02-13', 1, 'PACK', 'Sudah Disetujui', 46),
(116, NULL, 'PENGHARUM RUANGAN GLADE AIR FRESHENER', 'Habel Nitalessy', '2025-02-13', 1, 'PCS', 'Sudah Disetujui', 46),
(117, NULL, 'PENGHARUM RUANGAN GLADE AIR FRESHENER', 'Habel Nitalessy', '2025-02-19', 3, 'PCS', 'Sudah Disetujui', 47),
(118, NULL, 'HAND SOAP YURI', 'Habel Nitalessy', '2025-02-19', 1, 'PCS', 'Sudah Disetujui', 47),
(119, NULL, 'SABUN CUCI PIRING MAMA LEMON', 'Habel Nitalessy', '2025-02-19', 1, 'PCS', 'Sudah Disetujui', 47),
(120, NULL, 'TISU TOILET PACK', 'Habel Nitalessy', '2025-02-19', 1, 'PACK', 'Sudah Disetujui', 47),
(121, NULL, 'ORDNER 70 MM', 'Julianti Hartanto', '2025-02-20', 15, 'BUAH', 'Sudah Disetujui', 48),
(122, NULL, 'KERTAS HVS A4', 'Yanti Jane Ivonne Kaeng', '2025-02-20', 2, 'RIM', 'Sudah Disetujui', 49),
(123, NULL, 'ORDNER 70 MM', 'Rahadita Nur Haida', '2025-02-20', 1, 'BUAH', 'Sudah Disetujui', 50),
(124, NULL, 'KERTAS HVS A4', 'Munawir Kobis', '2025-02-21', 1, 'RIM', 'Sudah Disetujui', 51),
(125, NULL, 'MAP BPS ST2023', 'Munawir Kobis', '2025-02-21', 5, 'BUAH', 'Sudah Disetujui', 51),
(126, NULL, 'MAP BPS ST2023', 'Yanti Jane Ivonne Kaeng', '2025-02-26', 4, 'BUAH', 'Sudah Disetujui', 52),
(127, NULL, 'KERTAS HVS A4', 'Munawir Kobis', '2025-02-26', 2, 'RIM', 'Sudah Disetujui', 53),
(128, NULL, 'KERTAS HVS A4', 'Elrini Wuisan', '2025-02-26', 1, 'RIM', 'Sudah Disetujui', 54),
(129, NULL, 'KERTAS HVS A4', 'Ni Putu Beliana Puspita Sari', '2025-03-04', 3, 'RIM', 'Sudah Disetujui', 55),
(130, NULL, 'MAP BPS ST2023', 'Defi Astuti Anggraeni', '2025-03-04', 2, 'BUAH', 'Sudah Disetujui', 56),
(131, NULL, 'BINDER CLIPS KENKO NO.111', 'Elrini Wuisan', '2025-03-05', 1, 'BOX', 'Sudah Disetujui', 57),
(132, NULL, 'BINDER CLIPS KENKO NO.200', 'Elrini Wuisan', '2025-03-05', 1, 'BOX', 'Sudah Disetujui', 57),
(133, NULL, 'BINDER CLIPS KENKO NO.260', 'Elrini Wuisan', '2025-03-05', 1, 'BOX', 'Sudah Disetujui', 57),
(134, NULL, 'PAPER CLIPS COLORFUL', 'Natalia Ondang', '2025-03-05', 1, 'PACK', 'Sudah Disetujui', 58),
(135, NULL, 'KERTAS HVS A4', 'Natalia Ondang', '2025-03-05', 2, 'RIM', 'Sudah Disetujui', 58),
(136, NULL, 'BINDER CLIPS KENKO NO.200', 'Natalia Ondang', '2025-03-05', 1, 'BOX', 'Sudah Disetujui', 58),
(137, NULL, 'KERTAS HVS A4', 'Sastadeferah Risab', '2025-03-06', 2, 'RIM', 'Sudah Disetujui', 59),
(138, NULL, 'LAKBAN BESAR BENING', 'Rahadita Nur Haida', '2025-03-06', 1, 'ROL', 'Sudah Disetujui', 60),
(139, NULL, 'KERTAS HVS A4', 'Munawir Kobis', '2025-03-06', 3, 'RIM', 'Sudah Disetujui', 61),
(140, NULL, 'TISU 250S', 'Vonny Joice Lalujan', '2025-03-10', 4, 'BUAH', 'Sudah Disetujui', 62),
(141, NULL, 'TISU TOILET PACK', 'Vonny Joice Lalujan', '2025-03-10', 1, 'PACK', 'Sudah Disetujui', 62),
(142, NULL, 'PEMBERSIH POSELEN & KERAMIK YURI PORSTEX', 'Vonny Joice Lalujan', '2025-03-10', 1, 'BOTOL', 'Sudah Disetujui', 62),
(143, NULL, 'HANDWASH PUMP', 'Vonny Joice Lalujan', '2025-03-10', 1, 'Botol', 'Sudah Disetujui', 62),
(144, NULL, 'PEMBERSIH FURNITUR SPRAY', 'Vonny Joice Lalujan', '2025-03-10', 1, 'Botol', 'Sudah Disetujui', 62),
(145, NULL, 'BATERAI AAA ABC ALKALINE', 'Vonny Joice Lalujan', '2025-03-10', 1, 'BUAH', 'Sudah Disetujui', 62),
(146, NULL, 'Sabun cuci piring pump', 'Vonny Joice Lalujan', '2025-03-10', 1, 'Botol', 'Sudah Disetujui', 62),
(147, NULL, 'BATERAI AA ALKALINE', 'Vonny Joice Lalujan', '2025-03-10', 1, 'PACK', 'Sudah Disetujui', 62),
(148, NULL, 'SABUN PEMBERSIH LANTAI', 'Vonny Joice Lalujan', '2025-03-10', 1, 'BUAH', 'Sudah Disetujui', 62),
(149, NULL, 'DEODORIZER (PENGHARUM TOILET)', 'Vonny Joice Lalujan', '2025-03-10', 2, 'BUAH', 'Sudah Disetujui', 62),
(150, NULL, 'PEMBERSIH KACA', 'Vonny Joice Lalujan', '2025-03-10', 1, 'BUAH', 'Sudah Disetujui', 62),
(151, NULL, 'KANTONG PLASTIK SAMPAH', 'Vonny Joice Lalujan', '2025-03-10', 1, 'PACK', 'Tidak Disetujui', 0),
(152, NULL, 'PAGE MARKER KECIL/5 COLORS', 'Natalia Ondang', '2025-03-10', 2, 'BUAH', 'Sudah Disetujui', 63),
(153, NULL, 'BINDER CLIP NO.155', 'Natalia Ondang', '2025-03-10', 1, 'BOX', 'Sudah Disetujui', 63),
(154, NULL, 'ORDNER 70 MM', 'Natalia Ondang', '2025-03-10', 1, 'BUAH', 'Sudah Disetujui', 63),
(155, NULL, 'PAGE MARKER KECIL/5 COLORS', 'Vivi Novita Sumampouw', '2025-03-10', 2, 'BUAH', 'Sudah Disetujui', 64),
(156, NULL, 'ORDNER 70 MM', 'Yanti Jane Ivonne Kaeng', '2025-03-12', 5, 'BUAH', 'Sudah Disetujui', 65),
(157, NULL, 'MAP BPS ST2023', 'Farhan', '2025-03-14', 5, 'BUAH', 'Sudah Disetujui', 66),
(158, NULL, 'KERTAS HVS A4', 'Ni Putu Beliana Puspita Sari', '2025-03-17', 2, 'RIM', 'Sudah Disetujui', 67),
(159, NULL, 'TISU TOILET PACK', 'Vonny Joice Lalujan', '2025-03-18', 1, 'PACK', 'Sudah Disetujui', 68),
(160, NULL, 'ORDNER 70 MM', 'Yanti Jane Ivonne Kaeng', '2025-03-20', 5, 'BUAH', 'Sudah Disetujui', 69),
(161, NULL, 'KANTONG PLASTIK SAMPAH', 'Vonny Joice Lalujan', '2025-03-20', 1, 'PACK', 'Tidak Disetujui', 0),
(162, NULL, 'TISU 250S', 'Vonny Joice Lalujan', '2025-03-20', 2, 'BUAH', 'Sudah Disetujui', 70),
(163, NULL, 'BINDER CLIPS KENKO NO.111', 'Elrini Wuisan', '2025-03-21', 1, 'BOX', 'Sudah Disetujui', 71),
(164, NULL, 'BINDER CLIPS KENKO NO.200', 'Elrini Wuisan', '2025-03-21', 1, 'BOX', 'Sudah Disetujui', 71),
(165, NULL, 'KERTAS HVS A4', 'Elrini Wuisan', '2025-03-21', 2, 'RIM', 'Sudah Disetujui', 71),
(166, NULL, 'ISI STAPLES NO.10', 'Elrini Wuisan', '2025-03-21', 1, 'BUAH', 'Sudah Disetujui', 71),
(167, NULL, 'STAPLER HD-10 MINI', 'Elrini Wuisan', '2025-03-21', 1, 'BUAH', 'Sudah Disetujui', 71),
(168, NULL, 'KERTAS HVS A4', 'Frisca Ully Saragih', '2025-03-21', 1, 'RIM', 'Sudah Disetujui', 72),
(169, NULL, 'PENGHARUM RUANGAN GLADE AIR FRESHENER', 'Vonny Joice Lalujan', '2025-03-21', 2, 'PCS', 'Sudah Disetujui', 73),
(170, NULL, 'PEMBERSIH POSELEN & KERAMIK YURI PORSTEX', 'Vonny Joice Lalujan', '2025-03-21', 1, 'BOTOL', 'Sudah Disetujui', 73),
(171, NULL, 'HAND SOAP YURI', 'Vonny Joice Lalujan', '2025-03-21', 1, 'PCS', 'Sudah Disetujui', 73),
(172, NULL, 'SABUN CUCI PIRING', 'Vonny Joice Lalujan', '2025-03-21', 1, 'BUAH', 'Sudah Disetujui', 73),
(173, NULL, 'KAMPER TOILET', 'Vonny Joice Lalujan', '2025-03-21', 2, 'PACK', 'Sudah Disetujui', 73),
(174, NULL, 'SERBET', 'Vonny Joice Lalujan', '2025-03-21', 2, 'BUAH', 'Sudah Disetujui', 73),
(175, NULL, 'ORDNER 70 MM', 'Vonny Joice Lalujan', '2025-03-21', 6, 'BUAH', 'Sudah Disetujui', 73),
(176, NULL, 'BINDER CLIPS KENKO NO.107', 'Yanti Jane Ivonne Kaeng', '2025-03-21', 3, 'BOX', 'Sudah Disetujui', 74),
(177, NULL, 'BINDER CLIPS KENKO NO.111', 'Yanti Jane Ivonne Kaeng', '2025-03-21', 2, 'BOX', 'Sudah Disetujui', 74),
(178, NULL, 'KERTAS HVS A4', 'Yanti Jane Ivonne Kaeng', '2025-03-21', 5, 'RIM', 'Sudah Disetujui', 74),
(179, NULL, 'CARTRIDGE ORIGINAL CANON 325', 'Yanti Jane Ivonne Kaeng', '2025-03-21', 1, 'BUAH', 'Sudah Disetujui', 74),
(180, NULL, 'MAP BPS ST2023', 'Defi Astuti Anggraeni', '2025-03-24', 3, 'BUAH', 'Sudah Disetujui', 75),
(181, NULL, 'KERTAS HVS A4', 'Defi Astuti Anggraeni', '2025-03-24', 2, 'RIM', 'Sudah Disetujui', 75),
(182, NULL, 'MAP BPS ST2023', 'Defi Astuti Anggraeni', '2025-03-24', 2, 'BUAH', 'Sudah Disetujui', 75),
(183, NULL, 'STAPLER HD-10 MINI', 'Defi Astuti Anggraeni', '2025-03-24', 1, 'BUAH', 'Sudah Disetujui', 75),
(184, NULL, 'KERTAS HVS A4', 'Vini Cristin', '2025-04-08', 1, 'RIM', 'Sudah Disetujui', 76),
(185, NULL, 'KERTAS HVS A4', 'Elrini Wuisan', '2025-04-11', 1, 'RIM', 'Sudah Disetujui', 77),
(186, NULL, 'TISU 250S', 'Vonny Joice Lalujan', '2025-04-11', 3, 'BUAH', 'Sudah Disetujui', 78),
(187, NULL, 'KAMPER TOILET', 'Vonny Joice Lalujan', '2025-04-11', 1, 'PACK', 'Sudah Disetujui', 78),
(188, NULL, 'TISU TOILET PACK', 'Vonny Joice Lalujan', '2025-04-11', 1, 'PACK', 'Sudah Disetujui', 78),
(189, NULL, 'TISU 250S', 'Vonny Joice Lalujan', '2025-04-11', 3, 'BUAH', 'Sudah Disetujui', 78),
(190, NULL, 'ORDNER 70 MM', 'Julianti Hartanto', '2025-04-17', 4, 'BUAH', 'Sudah Disetujui', 79),
(191, NULL, 'KERTAS HVS A4', 'Ni Putu Beliana Puspita Sari', '2025-04-22', 3, 'RIM', 'Sudah Disetujui', 80),
(192, NULL, 'TINTA EPSON 008 BLACK', 'Ni Putu Beliana Puspita Sari', '2025-04-22', 1, 'BOTOL', 'Sudah Disetujui', 80),
(193, NULL, 'TINTA EPSON 008 CYAN', 'Ni Putu Beliana Puspita Sari', '2025-04-22', 1, 'BOTOL', 'Sudah Disetujui', 80),
(194, NULL, 'KERTAS HVS A4', 'Maskhur Solikhudin', '2025-04-22', 2, 'RIM', 'Sudah Disetujui', 81),
(195, NULL, 'TISU TOILET PACK', 'Vonny Joice Lalujan', '2025-04-22', 1, 'PACK', 'Sudah Disetujui', 82),
(196, NULL, 'TEA SET NIKURA', 'Vonny Joice Lalujan', '2025-04-22', 2, 'SET', 'Sudah Disetujui', 82),
(197, NULL, 'SET CANGKIR & PIRING', 'Vonny Joice Lalujan', '2025-04-22', 1, 'SET', 'Sudah Disetujui', 82),
(198, NULL, 'PAPER CLIP NO.1', 'Defi Astuti Anggraeni', '2025-04-24', 1, 'BOX', 'Sudah Disetujui', 83),
(199, NULL, 'PAGE MARKER KECIL/5 COLORS', 'Defi Astuti Anggraeni', '2025-04-24', 1, 'BUAH', 'Sudah Disetujui', 83),
(200, NULL, 'BINDER CLIPS KENKO NO.107', 'Rahadita Nur Haida', '2025-04-24', 1, 'BOX', 'Sudah Disetujui', 84),
(201, NULL, 'BINDER CLIPS KENKO NO.111', 'Rahadita Nur Haida', '2025-04-24', 1, 'BOX', 'Sudah Disetujui', 84),
(202, NULL, 'KAMPER TOILET', 'Vonny Joice Lalujan', '2025-04-25', 2, 'PACK', 'Sudah Disetujui', 85),
(203, NULL, 'KANTONG PLASTIK SAMPAH', 'Vonny Joice Lalujan', '2025-04-25', 4, 'PACK', 'Sudah Disetujui', 85),
(204, NULL, 'BATERAI AAA ABC ALKALINE', 'Arista Roza Belawan SST', '2025-04-25', 2, 'BUAH', 'Tidak Disetujui', 0),
(205, NULL, 'SABUN CUCI PIRING', 'Vonny Joice Lalujan', '2025-04-28', 1, 'BUAH', 'Sudah Disetujui', 86),
(206, NULL, 'TISU 250S', 'Vonny Joice Lalujan', '2025-04-28', 4, 'BUAH', 'Sudah Disetujui', 86),
(207, NULL, 'ORDNER 70 MM', 'Vini Cristin', '2025-04-28', 6, 'BUAH', 'Sudah Disetujui', 87),
(208, NULL, 'KERTAS HVS A4', 'Elrini Wuisan', '2025-04-28', 1, 'RIM', 'Sudah Disetujui', 88),
(209, NULL, 'TISU 250S', 'Ni Putu Beliana Puspita Sari', '2025-04-28', 1, 'BUAH', 'Sudah Disetujui', 89),
(210, NULL, 'PAGE MARKER KECIL/5 COLORS', 'Elrini Wuisan', '2025-04-30', 1, 'BUAH', 'Sudah Disetujui', 90),
(211, NULL, 'KERTAS HVS A4', 'Elrini Wuisan', '2025-04-30', 1, 'RIM', 'Sudah Disetujui', 90),
(212, NULL, 'BINDER CLIP ZRM NO.107', 'Munawir Kobis', '2025-04-30', 1, 'BUAH', 'Sudah Disetujui', 91),
(213, NULL, 'BINDER CLIPS KENKO NO.200', 'Munawir Kobis', '2025-04-30', 1, 'BOX', 'Sudah Disetujui', 91),
(214, NULL, 'PAPER CLIP NO.1 100 PCS', 'Munawir Kobis', '2025-04-30', 1, 'BOX', 'Sudah Disetujui', 91),
(215, NULL, 'CARTRIDGE TONER CF289A HP', 'Munawir Kobis', '2025-04-30', 1, 'BUAH', 'Sudah Disetujui', 91),
(216, NULL, 'KERTAS HVS A4', 'Vini Cristin', '2025-05-02', 1, 'RIM', 'Sudah Disetujui', 92),
(217, NULL, 'PENGHAPUS PENSIL STAEDTLER RASOPLAST', 'Munawir Kobis', '2025-05-07', 4, 'BUAH', 'Sudah Disetujui', 93),
(218, NULL, 'PAPER CLIPS COLORFUL', 'Vini Cristin', '2025-05-07', 1, 'PACK', 'Sudah Disetujui', 94),
(219, NULL, 'TISU 250S', 'Vonny Joice Lalujan', '2025-05-08', 2, 'BUAH', 'Sudah Disetujui', 95),
(220, NULL, 'SAPU LANTAI', 'Vonny Joice Lalujan', '2025-05-14', 1, 'BUAH', 'Sudah Disetujui', 96),
(221, NULL, 'SABUN CUCI PIRING', 'Vonny Joice Lalujan', '2025-05-14', 1, 'BUAH', 'Sudah Disetujui', 96),
(222, NULL, 'HAND SOAP YURI', 'Vonny Joice Lalujan', '2025-05-14', 1, 'PCS', 'Sudah Disetujui', 96),
(223, NULL, 'KAMPER TOILET', 'Vonny Joice Lalujan', '2025-05-14', 2, 'PACK', 'Sudah Disetujui', 96),
(224, NULL, 'TISU 250S', 'Vonny Joice Lalujan', '2025-05-14', 3, 'BUAH', 'Sudah Disetujui', 96),
(225, NULL, 'KERTAS HVS A4', 'Santi H Putri', '2025-05-15', 2, 'RIM', 'Sudah Disetujui', 97),
(226, NULL, 'BUKU FOLIO', 'Lazia Outenty Bimbangnaung', '2025-05-15', 1, 'BUAH', 'Sudah Disetujui', 98),
(227, NULL, 'ORDNER 70 MM', 'Julianti Hartanto', '2025-05-20', 15, 'BUAH', 'Sudah Disetujui', 99),
(228, NULL, 'TISU 250S', 'Vonny Joice Lalujan', '2025-05-20', 4, 'BUAH', 'Sudah Disetujui', 100),
(229, NULL, 'TISU TOILET PACK', 'Vonny Joice Lalujan', '2025-05-20', 2, 'PACK', 'Sudah Disetujui', 100),
(230, NULL, 'KERTAS HVS A4', 'Yanti Jane Ivonne Kaeng', '2025-05-22', 2, 'RIM', 'Sudah Disetujui', 101),
(231, NULL, 'KERTAS HVS A4', 'Rahadita Nur Haida', '2025-05-23', 2, 'RIM', 'Sudah Disetujui', 102),
(232, NULL, 'BINDER CLIP NO.155', 'Rahadita Nur Haida', '2025-05-23', 1, 'BOX', 'Sudah Disetujui', 102),
(233, NULL, 'BINDER CLIPS KENKO NO.107', 'Rahadita Nur Haida', '2025-05-23', 2, 'BOX', 'Sudah Disetujui', 102),
(234, NULL, 'TISU 250S', 'Vonny Joice Lalujan', '2025-05-27', 2, 'BUAH', 'Sudah Disetujui', 103),
(235, NULL, 'MAP BPS', 'Farhan', '2025-06-02', 10, 'BUAH', 'Sudah Disetujui', 104),
(236, NULL, 'KERTAS HVS A4', 'Santi H Putri', '2025-06-02', 2, 'RIM', 'Sudah Disetujui', 105),
(237, NULL, 'ORDNER 70 MM', 'Santi H Putri', '2025-06-02', 1, 'BUAH', 'Sudah Disetujui', 105),
(238, NULL, 'MAP BPS', 'Arista Roza Belawan SST', '2025-06-02', 10, 'BUAH', 'Sudah Disetujui', 106),
(239, NULL, 'LEM KERTAS STICK KECIL', 'Arista Roza Belawan SST', '2025-06-02', 1, 'BUAH', 'Sudah Disetujui', 106),
(240, NULL, 'PULPEN PACK PLASTIK', 'Arista Roza Belawan SST', '2025-06-02', 1, 'PACK', 'Sudah Disetujui', 106),
(241, NULL, 'KERTAS HVS A4', 'Elrini Wuisan', '2025-06-02', 1, 'RIM', 'Sudah Disetujui', 107),
(242, NULL, 'ORDNER 70 MM', 'Rahadita Nur Haida', '2025-06-02', 1, 'BUAH', 'Sudah Disetujui', 108),
(243, NULL, 'MAP BPS', 'Rahadita Nur Haida', '2025-06-02', 10, 'BUAH', 'Sudah Disetujui', 108),
(244, NULL, 'Kuesioner Seruti Inti VSERUTI25.INTI (2)', 'Munawir Kobis', '2025-06-02', 160, 'SET', 'Sudah Disetujui', 125),
(245, NULL, 'Kuesioner Seruti Mak VSERUTI25.MAK', 'Munawir Kobis', '2025-06-02', 160, 'SET', 'Sudah Disetujui', 125),
(246, NULL, 'ISI STAPLES NO.10', 'Ni Putu Beliana Puspita Sari', '2025-06-03', 1, 'BUAH', 'Sudah Disetujui', 109),
(247, NULL, 'LEM KERTAS STICK KECIL', 'Ni Putu Beliana Puspita Sari', '2025-06-03', 1, 'BUAH', 'Sudah Disetujui', 109),
(248, NULL, 'PAPER CLIP NO.1 100 PCS', 'Defi Astuti Anggraeni', '2025-06-04', 1, 'BOX', 'Sudah Disetujui', 110),
(249, NULL, 'MAP BPS', 'Munawir Kobis', '2025-06-04', 10, 'BUAH', 'Sudah Disetujui', 111),
(250, NULL, 'MAP BPS', 'Farhan', '2025-06-10', 10, 'BUAH', 'Sudah Disetujui', 112),
(251, NULL, 'TISU 250S', 'Vonny Joice Lalujan', '2025-06-11', 5, 'BUAH', 'Sudah Disetujui', 113),
(252, NULL, 'SABUN CUCI PIRING MAMA LEMON', 'Vonny Joice Lalujan', '2025-06-11', 1, 'PCS', 'Sudah Disetujui', 113),
(253, NULL, 'HAND SOAP YURI', 'Vonny Joice Lalujan', '2025-06-11', 1, 'PCS', 'Tidak Disetujui', 0),
(254, NULL, 'TISU 250S', 'Vonny Joice Lalujan', '2025-06-13', 1, 'BUAH', 'Sudah Disetujui', 114),
(255, NULL, 'PEMBERSIH POSELEN & KERAMIK YURI PORSTEX', 'Vonny Joice Lalujan', '2025-06-13', 1, 'BOTOL', 'Sudah Disetujui', 114),
(256, NULL, 'Cartridge HP 682 BLACK', 'Arista Roza Belawan SST', '2025-06-13', 1, 'BUAH', 'Sudah Disetujui', 115),
(257, NULL, 'Cartridge HP 682 COLOR', 'Arista Roza Belawan SST', '2025-06-13', 1, 'BUAH', 'Sudah Disetujui', 115),
(258, NULL, 'PAGE MARKER KECIL/5 COLORS', 'Santi H Putri', '2025-06-16', 2, 'BUAH', 'Sudah Disetujui', 116),
(259, NULL, 'ISI STAPLES NO.10', 'Santi H Putri', '2025-06-16', 1, 'BUAH', 'Sudah Disetujui', 116),
(260, NULL, 'PAPER CLIP NO.1', 'Santi H Putri', '2025-06-16', 1, 'BOX', 'Tidak Disetujui', 0),
(261, NULL, 'KERTAS HVS A4', 'Munawir Kobis', '2025-06-17', 3, 'RIM', 'Sudah Disetujui', 117),
(262, NULL, 'KERTAS HVS A4', 'Ni Putu Beliana Puspita Sari', '2025-06-17', 3, 'RIM', 'Sudah Disetujui', 118),
(263, NULL, 'KERTAS HVS A3', 'Ni Putu Beliana Puspita Sari', '2025-06-17', 1, 'RIM', 'Sudah Disetujui', 118),
(264, NULL, 'MAP BPS', 'Ni Putu Beliana Puspita Sari', '2025-06-17', 10, 'BUAH', 'Sudah Disetujui', 118),
(265, NULL, 'KERTAS HVS A4', 'Elrini Wuisan', '2025-06-17', 2, 'RIM', 'Sudah Disetujui', 119),
(266, NULL, 'KERTAS HVS A4', 'Yanti Jane Ivonne Kaeng', '2025-06-17', 3, 'RIM', 'Sudah Disetujui', 120),
(267, NULL, 'ORDNER 70 MM', 'Yanti Jane Ivonne Kaeng', '2025-06-17', 1, 'BUAH', 'Sudah Disetujui', 120),
(268, NULL, 'KERTAS HVS A4', 'Frisca Ully Saragih', '2025-06-18', 2, 'RIM', 'Sudah Disetujui', 121),
(269, NULL, 'MAP BPS ST2023', 'Frisca Ully Saragih', '2025-06-18', 10, 'BUAH', 'Sudah Disetujui', 121),
(270, NULL, 'STAPLER HD-10', 'Frisca Ully Saragih', '2025-06-18', 1, 'BUAH', 'Sudah Disetujui', 121),
(271, NULL, 'ISI STAPLES NO.10', 'Frisca Ully Saragih', '2025-06-18', 1, 'BUAH', 'Sudah Disetujui', 121),
(272, NULL, 'BINDER CLIPS KENKO NO.107', 'Yanti Jane Ivonne Kaeng', '2025-06-18', 1, 'BOX', 'Sudah Disetujui', 122),
(273, NULL, 'PAPER CLIP NO.1 100 PCS', 'Yanti Jane Ivonne Kaeng', '2025-06-18', 1, 'BOX', 'Sudah Disetujui', 122),
(274, NULL, 'TRIGONAL PAPER CLIPS KENKO NO.3', 'Yanti Jane Ivonne Kaeng', '2025-06-18', 1, 'BOX', 'Sudah Disetujui', 122),
(275, NULL, 'BATERAI AA ALKALINE', 'Vonny Joice Lalujan', '2025-06-23', 1, 'PACK', 'Sudah Disetujui', 123),
(276, NULL, 'TISU 250S', 'Vonny Joice Lalujan', '2025-06-23', 2, 'BUAH', 'Sudah Disetujui', 123),
(277, NULL, 'PENGHARUM RUANGAN GLADE REFILL', 'Vonny Joice Lalujan', '2025-06-23', 1, 'BOTOL', 'Sudah Disetujui', 123),
(278, NULL, 'KAMPER TOILET DAHLIA', 'Vonny Joice Lalujan', '2025-06-30', 2, 'PACK', 'Sudah Disetujui', 124),
(279, NULL, 'SABUN CUCI PIRING MAMA LEMON', 'Vonny Joice Lalujan', '2025-06-30', 1, 'PCS', 'Sudah Disetujui', 124),
(280, NULL, 'PEMBERSIH KACA', 'Vonny Joice Lalujan', '2025-06-30', 1, 'BUAH', 'Sudah Disetujui', 124),
(281, NULL, 'PAPER CLIPS COLORFUL', 'Elrini Wuisan', '2025-07-01', 1, 'PACK', 'Sudah Disetujui', 126),
(282, NULL, 'CARTRIDGE TONER COMPT-CF217A', 'Elrini Wuisan', '2025-07-01', 1, 'BUAH', 'Sudah Disetujui', 126),
(283, NULL, 'KERTAS HVS A4', 'Santi H Putri', '2025-07-01', 2, 'RIM', 'Sudah Disetujui', 127),
(284, NULL, 'ORDNER 70 MM', 'Julianti Hartanto', '2025-07-01', 30, 'BUAH', 'Sudah Disetujui', 128),
(285, NULL, 'KERTAS HVS A4', 'Marthedy Mormin Tenggehi', '2025-07-02', 1, 'RIM', 'Sudah Disetujui', 129),
(286, NULL, 'KERTAS HVS A4', 'Elrini Wuisan', '2025-07-02', 1, 'RIM', 'Sudah Disetujui', 130),
(287, NULL, 'BATERAI AAA ENERGIZER MAX', 'Vonny Joice Lalujan', '2025-07-04', 1, 'BUAH', 'Sudah Disetujui', 131),
(288, NULL, 'TISU 250S', 'Vonny Joice Lalujan', '2025-07-04', 4, 'BUAH', 'Sudah Disetujui', 131),
(289, NULL, 'PEL LANTAI', 'Vonny Joice Lalujan', '2025-07-04', 1, 'BUAH', 'Sudah Disetujui', 131),
(290, NULL, 'STAPLER HD-10', 'Maskhur Solikhudin', '2025-07-08', 1, 'BUAH', 'Sudah Disetujui', 132),
(291, NULL, 'KERTAS HVS A4', 'Ir. Novri Poultje Mokoagouw', '2025-07-08', 1, 'RIM', 'Sudah Disetujui', 133),
(292, NULL, 'PULPEN STANDARD BOLDLINER PRO 0.8', 'Ir. Novri Poultje Mokoagouw', '2025-07-08', 1, 'BUAH', 'Sudah Disetujui', 133),
(293, NULL, 'ISI STAPLES ZRM NO.3', 'Ni Putu Beliana Puspita Sari', '2025-07-08', 1, 'BOX', 'Sudah Disetujui', 134),
(294, NULL, 'ISI STAPLES NO.10', 'Ni Putu Beliana Puspita Sari', '2025-07-08', 1, 'BUAH', 'Sudah Disetujui', 134),
(295, NULL, 'KERTAS HVS A4', 'Ni Putu Beliana Puspita Sari', '2025-07-08', 1, 'RIM', 'Sudah Disetujui', 134),
(296, NULL, 'STOFMAP PACK', 'Marthedy Mormin Tenggehi', '2025-07-08', 1, 'PACK', 'Sudah Disetujui', 136),
(297, NULL, 'KERTAS HVS F4', 'Munawir Kobis', '2025-07-09', 1, 'RIM', 'Sudah Disetujui', 135),
(298, NULL, 'BINDER CLIPS KENKO NO.107', 'Maskhur Solikhudin', '2025-07-16', 1, 'BOX', 'Sudah Disetujui', 137),
(299, NULL, 'PAPER CLIP NO.1', 'Maskhur Solikhudin', '2025-07-16', 1, 'BOX', 'Sudah Disetujui', 137),
(300, NULL, 'TINTA EPSON 008 BLACK', 'Ni Putu Beliana Puspita Sari', '2025-07-16', 1, 'BOTOL', 'Sudah Disetujui', 138),
(301, NULL, 'TINTA EPSON 008 MAGENTA', 'Ni Putu Beliana Puspita Sari', '2025-07-16', 1, 'BOTOL', 'Sudah Disetujui', 138),
(302, NULL, 'TINTA EPSON 008 YELLOW', 'Ni Putu Beliana Puspita Sari', '2025-07-16', 1, 'BOTOL', 'Sudah Disetujui', 138),
(303, NULL, 'TINTA EPSON 664 CYAN', 'Ni Putu Beliana Puspita Sari', '2025-07-16', 1, 'BOTOL', 'Sudah Disetujui', 138),
(304, NULL, 'TINTA EPSON 664 MAGENTA', 'Ni Putu Beliana Puspita Sari', '2025-07-16', 1, 'BOTOL', 'Sudah Disetujui', 138),
(305, NULL, 'TINTA EPSON 664 YELLOW', 'Ni Putu Beliana Puspita Sari', '2025-07-16', 1, 'BOTOL', 'Sudah Disetujui', 138),
(306, NULL, 'MAP BPS', 'Farhan', '2025-07-16', 20, 'BUAH', 'Sudah Disetujui', 139),
(307, NULL, 'KERTAS HVS A4', 'Arista Roza Belawan SST', '2025-07-16', 1, 'RIM', 'Sudah Disetujui', 140),
(308, NULL, 'BINDER CLIPS KENKO NO.200', 'Frisca Ully Saragih', '2025-07-18', 1, 'BOX', 'Sudah Disetujui', 141),
(309, NULL, 'PAPER CLIPS COLORFUL', 'Farhan', '2025-07-18', 1, 'PACK', 'Sudah Disetujui', 142),
(310, NULL, 'PULPEN 0.7 MM', 'Farhan', '2025-07-18', 1, 'BUAH', 'Sudah Disetujui', 142),
(311, NULL, 'PAGE MARKER KECIL/5 COLORS', 'Frisca Ully Saragih', '2025-07-18', 1, 'BUAH', 'Sudah Disetujui', 143),
(312, NULL, 'PULPEN 0.7 MM', 'Frisca Ully Saragih', '2025-07-18', 2, 'BUAH', 'Sudah Disetujui', 143),
(313, NULL, 'ISI STAPLES NO.10', 'Weny Fitrah Anwari', '2025-07-18', 1, 'BUAH', 'Sudah Disetujui', 144),
(314, NULL, 'PULPEN 0.7 MM', 'Rahadita Nur Haida', '2025-07-18', 1, 'BUAH', 'Sudah Disetujui', 145),
(315, NULL, 'PULPEN 0.7 MM', 'Santi H Putri', '2025-07-18', 2, 'BUAH', 'Sudah Disetujui', 146),
(316, NULL, 'BINDER CLIPS KENKO NO.111', 'Ni Putu Beliana Puspita Sari', '2025-07-19', 1, 'BOX', 'Sudah Disetujui', 147),
(317, NULL, 'BINDER CLIP ZRM NO.107', 'Ni Putu Beliana Puspita Sari', '2025-07-19', 1, 'BUAH', 'Sudah Disetujui', 147),
(318, NULL, 'PULPEN STANDARD BOLDLINER PRO 0.8', 'Ni Putu Beliana Puspita Sari', '2025-07-19', 1, 'BUAH', 'Sudah Disetujui', 147),
(319, NULL, 'BINDER CLIPS KENKO NO.200', 'Ni Putu Beliana Puspita Sari', '2025-07-19', 1, 'BOX', 'Sudah Disetujui', 147),
(320, NULL, 'ISI STAPLES NO.10', 'Ni Putu Beliana Puspita Sari', '2025-07-19', 1, 'BUAH', 'Sudah Disetujui', 147),
(321, NULL, 'PULPEN 0.7 MM', 'Ni Putu Beliana Puspita Sari', '2025-07-19', 1, 'BUAH', 'Sudah Disetujui', 147),
(322, NULL, 'PAPER CLIPS COLORFUL', 'Ni Putu Beliana Puspita Sari', '2025-07-19', 1, 'PACK', 'Sudah Disetujui', 147),
(323, NULL, 'PENSIL 2B', 'Ni Putu Beliana Puspita Sari', '2025-07-19', 1, 'BUAH', 'Sudah Disetujui', 147),
(324, NULL, 'KERTAS HVS A4', 'Ni Putu Beliana Puspita Sari', '2025-07-22', 4, 'RIM', 'Sudah Disetujui', 148),
(325, NULL, 'TISU 250S', 'Vonny Joice Lalujan', '2025-07-23', 2, 'BUAH', 'Sudah Disetujui', 149),
(326, NULL, 'PENGHARUM RUANGAN BOTOL BESAR', 'Vonny Joice Lalujan', '2025-07-23', 1, 'BOTOL', 'Sudah Disetujui', 149),
(327, NULL, 'PULPEN 0.7 MM', 'Vonny Joice Lalujan', '2025-07-23', 1, 'BUAH', 'Sudah Disetujui', 149),
(328, NULL, 'MAP BPS', 'Rahadita Nur Haida', '2025-07-23', 10, 'BUAH', 'Sudah Disetujui', 150),
(329, NULL, 'ISI STAPLES NO.10', 'Rahadita Nur Haida', '2025-07-23', 1, 'BUAH', 'Sudah Disetujui', 150),
(330, NULL, 'PAPER CLIPS COLORFUL', 'Rahadita Nur Haida', '2025-07-23', 1, 'PACK', 'Sudah Disetujui', 150),
(331, NULL, 'BLOCKNOTE', 'Ni Putu Beliana Puspita Sari', '2025-07-24', 51, 'BUAH', 'Sudah Disetujui', 151),
(332, NULL, 'RAUTAN PENSIL', 'Ni Putu Beliana Puspita Sari', '2025-07-24', 51, 'BUAH', 'Sudah Disetujui', 151),
(333, NULL, 'PULPEN HITAM GEL', 'Ni Putu Beliana Puspita Sari', '2025-07-24', 51, 'BUAH', 'Sudah Disetujui', 151),
(334, NULL, 'PULPEN 4 WARNA', 'Ni Putu Beliana Puspita Sari', '2025-07-24', 51, 'BUAH', 'Sudah Disetujui', 151),
(335, NULL, 'PENGHAPUS PENSIL', 'Ni Putu Beliana Puspita Sari', '2025-07-24', 51, 'BUAH', 'Sudah Disetujui', 151),
(336, NULL, 'PENSIL 2B PACK', 'Ni Putu Beliana Puspita Sari', '2025-07-24', 10, 'PACK', 'Sudah Disetujui', 151),
(337, NULL, 'PENSIL 2B KENKO', 'Frisca Ully Saragih', '2025-07-24', 12, 'BUAH', 'Sudah Disetujui', 152),
(338, NULL, 'RAUTAN KECIL WARNA ZRM', 'Frisca Ully Saragih', '2025-07-24', 6, 'BUAH', 'Sudah Disetujui', 152),
(339, NULL, 'HANDSOAP', 'Vonny Joice Lalujan', '2025-07-28', 1, 'BUAH', 'Sudah Disetujui', 153),
(340, NULL, 'KAMPER TOILET', 'Vonny Joice Lalujan', '2025-07-28', 2, 'PACK', 'Sudah Disetujui', 153),
(341, NULL, 'PEMBERSIH LANTAI WIPOL', 'Vonny Joice Lalujan', '2025-07-28', 1, 'BUAH', 'Sudah Disetujui', 153),
(342, NULL, 'SABUN CUCI PIRING', 'Vonny Joice Lalujan', '2025-07-28', 1, 'BUAH', 'Sudah Disetujui', 153),
(343, NULL, 'Cartridge HP 682 BLACK', 'Mia Wahyumiranti, SM', '2025-07-28', 1, 'BUAH', 'Sudah Disetujui', 154),
(344, NULL, 'Cartridge HP 682 COLOR', 'Mia Wahyumiranti, SM', '2025-07-28', 1, 'BUAH', 'Sudah Disetujui', 154),
(345, NULL, 'KERTAS HVS A4', 'Elrini Wuisan', '2025-07-30', 1, 'RIM', 'Sudah Disetujui', 155),
(346, NULL, 'KERTAS HVS A4', 'Ni Putu Beliana Puspita Sari', '2025-07-30', 1, 'RIM', 'Sudah Disetujui', 156),
(347, NULL, 'KERTAS HVS A3', 'Ni Putu Beliana Puspita Sari', '2025-07-30', 1, 'RIM', 'Sudah Disetujui', 156),
(348, NULL, 'CARTRIDGE TONER CANON 326', 'Yanti Jane Ivonne Kaeng', '2025-07-30', 1, 'BUAH', 'Sudah Disetujui', 157),
(349, NULL, 'MAP BPS', 'Deyvi Stella Rumangkang', '2025-08-01', 10, 'BUAH', 'Sudah Disetujui', 158),
(350, NULL, 'KERTAS HVS A4', 'Elrini Wuisan', '2025-08-01', 1, 'RIM', 'Sudah Disetujui', 159),
(351, NULL, 'KERTAS HVS A4', 'Ni Putu Beliana Puspita Sari', '2025-08-01', 2, 'RIM', 'Sudah Disetujui', 160),
(352, NULL, 'MUG KERAMIK SP2020', 'Munawir Kobis', '2025-08-01', 2, 'BUAH', 'Sudah Disetujui', 161),
(353, NULL, 'PEMBERSIH LANTAI WIPOL', 'Vonny Joice Lalujan', '2025-08-04', 1, 'BUAH', 'Sudah Disetujui', 162),
(354, NULL, 'Kuesioner Sakernas SAKAGS25-AK', 'Munawir Kobis', '2025-08-06', 33, 'SET', 'Sudah Disetujui', 163),
(355, NULL, 'Buku Pedoman Pendataan Sakernas Agustus 2025', 'Munawir Kobis', '2025-08-06', 33, 'BUKU', 'Sudah Disetujui', 163),
(356, NULL, 'KERTAS HVS A4', 'Munawir Kobis', '2025-08-07', 2, 'RIM', 'Sudah Disetujui', 164),
(357, NULL, 'BINDER CLIPS KENKO NO.111', 'Mia Wahyumiranti, SM', '2025-08-07', 1, 'BOX', 'Sudah Disetujui', 165),
(358, NULL, 'PULPEN 0.7 MM', 'Mia Wahyumiranti, SM', '2025-08-07', 2, 'BUAH', 'Sudah Disetujui', 165),
(359, NULL, 'PULPEN STANDARD BOLDLINER PRO 0.8', 'Mia Wahyumiranti, SM', '2025-08-07', 1, 'BUAH', 'Sudah Disetujui', 165),
(360, NULL, 'TISU TOILET PACK', 'Vonny Joice Lalujan', '2025-08-07', 1, 'PACK', 'Sudah Disetujui', 166),
(361, NULL, 'KERTAS HVS A4', 'Arista Roza Belawan SST', '2025-08-07', 1, 'RIM', 'Sudah Disetujui', 167),
(362, NULL, 'KAMPER TOILET', 'Vonny Joice Lalujan', '2025-08-11', 1, 'PACK', 'Sudah Disetujui', 168),
(363, NULL, 'PEMBERSIH LANTAI WIPOL', 'Vonny Joice Lalujan', '2025-08-11', 1, 'BUAH', 'Sudah Disetujui', 168),
(364, NULL, 'PENGHARUM RUANGAN BOTOL BESAR', 'Vonny Joice Lalujan', '2025-08-11', 1, 'BOTOL', 'Sudah Disetujui', 168),
(365, NULL, 'SABUN CUCI PIRING', 'Vonny Joice Lalujan', '2025-08-11', 1, 'BUAH', 'Sudah Disetujui', 168),
(366, NULL, 'SAPU LANTAI', 'Vonny Joice Lalujan', '2025-08-11', 1, 'BUAH', 'Sudah Disetujui', 168),
(367, NULL, 'TISU 250S', 'Vonny Joice Lalujan', '2025-08-11', 1, 'BUAH', 'Sudah Disetujui', 168),
(368, NULL, 'TISU 200S', 'Vonny Joice Lalujan', '2025-08-11', 3, 'BUAH', 'Sudah Disetujui', 168),
(369, NULL, 'PENGHARUM RUANGAN GLADE AIR FRESHENER', 'Vonny Joice Lalujan', '2025-08-11', 4, 'PCS', 'Sudah Disetujui', 168),
(370, NULL, 'KERTAS HVS A4', 'Sastadeferah Risab', '2025-08-11', 1, 'RIM', 'Sudah Disetujui', 169),
(371, NULL, 'CARTRIDGE TONER CANON 326', 'Sastadeferah Risab', '2025-08-11', 1, 'BUAH', 'Sudah Disetujui', 169),
(372, NULL, 'STAPLER HD-10 MINI', 'Sastadeferah Risab', '2025-08-11', 1, 'BUAH', 'Sudah Disetujui', 169),
(373, NULL, 'CARTRIDGE TONER COMPT-CE505A', 'Julianti Hartanto', '2025-08-13', 1, 'BUAH', 'Sudah Disetujui', 170),
(374, NULL, 'KERTAS HVS A4', 'Julianti Hartanto', '2025-08-13', 2, 'RIM', 'Sudah Disetujui', 170),
(375, NULL, 'BINDER CLIPS KENKO NO.260', 'Julianti Hartanto', '2025-08-13', 1, 'BOX', 'Sudah Disetujui', 170),
(376, NULL, 'PAGE MARKER KECIL/5 COLORS', 'Sastadeferah Risab', '2025-08-13', 2, 'BUAH', 'Sudah Disetujui', 171),
(377, NULL, 'PULPEN 0.7 MM', 'Sastadeferah Risab', '2025-08-13', 1, 'BUAH', 'Sudah Disetujui', 171),
(378, NULL, 'KERTAS HVS A4', 'Elrini Wuisan', '2025-08-13', 1, 'RIM', 'Sudah Disetujui', 172),
(379, NULL, 'BINDER CLIPS KENKO NO.111', 'Elrini Wuisan', '2025-08-13', 1, 'BOX', 'Sudah Disetujui', 172),
(380, NULL, 'STAPLER HD-10', 'Elrini Wuisan', '2025-08-13', 1, 'BUAH', 'Sudah Disetujui', 172),
(381, NULL, 'ISI STAPLES NO.10', 'Elrini Wuisan', '2025-08-13', 2, 'BUAH', 'Sudah Disetujui', 172),
(382, NULL, 'PULPEN 0.7 MM', 'Elrini Wuisan', '2025-08-13', 1, 'BUAH', 'Sudah Disetujui', 172),
(383, NULL, 'PAGE MARKER KECIL/5 COLORS', 'Elrini Wuisan', '2025-08-13', 1, 'BUAH', 'Sudah Disetujui', 172),
(384, NULL, 'KERTAS HVS A4', 'Arista Roza Belawan SST', '2025-08-14', 1, 'RIM', 'Sudah Disetujui', 173),
(385, NULL, 'TISU TOILET PACK', 'Vonny Joice Lalujan', '2025-08-14', 1, 'PACK', 'Sudah Disetujui', 174),
(386, NULL, 'BINDER CLIPS KENKO NO.111', 'Santi H Putri', '2025-08-19', 1, 'BOX', 'Sudah Disetujui', 175),
(387, NULL, 'BINDER CLIP NO.155', 'Santi H Putri', '2025-08-19', 2, 'BOX', 'Sudah Disetujui', 175),
(388, NULL, 'BINDER CLIPS KENKO NO.200', 'Santi H Putri', '2025-08-19', 1, 'BOX', 'Sudah Disetujui', 175),
(389, NULL, 'BINDER CLIPS KENKO NO.200', 'Arista Roza Belawan SST', '2025-08-19', 1, 'BOX', 'Sudah Disetujui', 176),
(390, NULL, 'PAPER CLIP NO.1', 'Arista Roza Belawan SST', '2025-08-19', 1, 'BOX', 'Sudah Disetujui', 176),
(391, NULL, 'SABUN CUCI PIRING', 'Vonny Joice Lalujan', '2025-08-20', 1, 'BUAH', 'Sudah Disetujui', 177),
(392, NULL, 'HANDSOAP', 'Vonny Joice Lalujan', '2025-08-20', 1, 'BUAH', 'Sudah Disetujui', 177),
(393, NULL, 'PEMBERSIH KACA', 'Vonny Joice Lalujan', '2025-08-20', 1, 'BUAH', 'Sudah Disetujui', 177),
(394, NULL, 'TISU 200S', 'Vonny Joice Lalujan', '2025-08-20', 5, 'BUAH', 'Sudah Disetujui', 177),
(395, NULL, 'TISU TOILET PACK', 'Vonny Joice Lalujan', '2025-08-20', 1, 'PACK', 'Sudah Disetujui', 177),
(396, NULL, 'KAMPER TOILET DAHLIA', 'Vonny Joice Lalujan', '2025-08-20', 4, 'PACK', 'Sudah Disetujui', 177),
(397, NULL, 'PEMBERSIH LANTAI SUPERPEL', 'Vonny Joice Lalujan', '2025-08-20', 1, 'BOTOL', 'Sudah Disetujui', 177),
(398, NULL, 'PENGHARUM RUANGAN STELLA BOTOL', 'Vonny Joice Lalujan', '2025-08-20', 1, 'BOTOL', 'Sudah Disetujui', 177),
(399, NULL, 'Buku 4 Konsep dan Definisi Susenas September 2025 (Pelatihan)', 'Munawir Kobis', '2025-08-25', 14, 'Buku', 'Sudah Disetujui', 178),
(400, NULL, 'Kuesioner Susenas September 2025 VSEN25.DSLS (Pelatihan)', 'Munawir Kobis', '2025-08-25', 26, 'Set', 'Sudah Disetujui', 178),
(401, NULL, 'Kuesioner Susenas September 2025 VSEN25.DSRT (Pelatihan)', 'Munawir Kobis', '2025-08-25', 26, 'Set', 'Sudah Disetujui', 178),
(402, NULL, 'Kuesioner Susenas September 2025 VSEN25.M (Pelatihan)', 'Munawir Kobis', '2025-08-25', 26, 'Set', 'Sudah Disetujui', 178),
(403, NULL, 'Kuesioner Susenas September 2025 VSEN25.KP (Pelatihan)', 'Munawir Kobis', '2025-08-25', 26, 'Set', 'Sudah Disetujui', 178),
(404, NULL, 'Kuesioner Seruti Inti VSERUTI25.INTI (Pelatihan)', 'Munawir Kobis', '2025-08-25', 26, 'Set', 'Sudah Disetujui', 178),
(405, NULL, 'Kuesioner Susenas September 2025 VSEN25.M (Pelaksanaan)', 'Munawir Kobis', '2025-08-25', 160, 'Set', 'Sudah Disetujui', 178),
(406, NULL, 'Kuesioner Susenas September 2025 VSEN25.KP (Pelaksanaan)', 'Munawir Kobis', '2025-08-25', 160, 'Set', 'Sudah Disetujui', 178),
(407, NULL, 'Kuesioner Seruti Inti VSERUTI25.INTI (Pelaksanaan)', 'Munawir Kobis', '2025-08-25', 160, 'Set', 'Sudah Disetujui', 178),
(408, NULL, 'KERTAS HVS A4', 'Ni Putu Beliana Puspita Sari', '2025-08-26', 1, 'RIM', 'Sudah Disetujui', 179),
(409, NULL, 'MAP BPS', 'Ni Putu Beliana Puspita Sari', '2025-08-26', 10, 'BUAH', 'Sudah Disetujui', 179),
(410, NULL, 'TISU 200S', 'Vonny Joice Lalujan', '2025-08-27', 5, 'BUAH', 'Sudah Disetujui', 180),
(411, NULL, 'TISU TOILET PACK', 'Vonny Joice Lalujan', '2025-08-27', 1, 'PACK', 'Sudah Disetujui', 180),
(412, NULL, 'ORDNER 70 MM', 'Julianti Hartanto', '2025-08-27', 30, 'BUAH', 'Sudah Disetujui', 181),
(413, NULL, 'DOCUMENT TRAY', 'Arista Roza Belawan SST', '2025-08-27', 4, 'BUAH', 'Sudah Disetujui', 182),
(414, NULL, 'CARTRIDGE TONER COMPT-CE505A', 'Julianti Hartanto', '2025-08-29', 1, 'BUAH', 'Sudah Disetujui', 183),
(415, NULL, 'KERTAS HVS A4', 'Weny Fitrah Anwari', '2025-09-01', 1, 'RIM', 'Sudah Disetujui', 184),
(416, NULL, 'BINDER CLIPS KENKO NO.107', 'Rahadita Nur Haida', '2025-09-01', 1, 'BOX', 'Sudah Disetujui', 185),
(417, NULL, 'PAPER CLIPS COLORFUL', 'Rahadita Nur Haida', '2025-09-01', 1, 'PACK', 'Sudah Disetujui', 185),
(418, NULL, 'PAGE MARKER KECIL/5 COLORS', 'Rahadita Nur Haida', '2025-09-01', 1, 'BUAH', 'Sudah Disetujui', 185),
(419, NULL, 'TINTA EPSON 008 CYAN', 'Ni Putu Beliana Puspita Sari', '2025-09-02', 1, 'BOTOL', 'Sudah Disetujui', 186),
(420, NULL, 'TINTA EPSON 008 MAGENTA', 'Ni Putu Beliana Puspita Sari', '2025-09-02', 1, 'BOTOL', 'Sudah Disetujui', 186),
(421, NULL, 'TINTA EPSON 008 YELLOW', 'Ni Putu Beliana Puspita Sari', '2025-09-02', 1, 'BOTOL', 'Sudah Disetujui', 186),
(422, NULL, 'KERTAS HVS A4', 'Elrini Wuisan', '2025-09-03', 2, 'RIM', 'Sudah Disetujui', 187),
(423, NULL, 'Cartridge HP 682 BLACK', 'Mia Wahyumiranti, SM', '2025-09-03', 1, 'BUAH', 'Sudah Disetujui', 188),
(424, NULL, 'BINDER CLIPS KENKO NO.111', 'Mia Wahyumiranti, SM', '2025-09-03', 1, 'BOX', 'Sudah Disetujui', 188),
(425, NULL, 'KERTAS HVS A4', 'Mia Wahyumiranti, SM', '2025-09-03', 2, 'RIM', 'Sudah Disetujui', 188),
(426, NULL, 'MAP BPS', 'Farhan', '2025-09-08', 10, 'BUAH', 'Sudah Disetujui', 189),
(427, NULL, 'PAPER CLIP NO.1', 'Maskhur Solikhudin', '2025-09-08', 1, 'BOX', 'Sudah Disetujui', 190),
(428, NULL, 'BINDER CLIPS KENKO NO.260', 'Yanti Jane Ivonne Kaeng', '2025-09-08', 1, 'BOX', 'Sudah Disetujui', 191),
(429, NULL, 'BINDER CLIPS KENKO NO.200', 'Yanti Jane Ivonne Kaeng', '2025-09-08', 1, 'BOX', 'Sudah Disetujui', 191),
(430, NULL, 'BINDER CLIPS KENKO NO.107', 'Yanti Jane Ivonne Kaeng', '2025-09-08', 1, 'BOX', 'Sudah Disetujui', 191),
(431, NULL, 'PAPER CLIP NO.1', 'Yanti Jane Ivonne Kaeng', '2025-09-08', 1, 'BOX', 'Sudah Disetujui', 191),
(432, NULL, 'TISU TOILET PACK', 'Vonny Joice Lalujan', '2025-09-09', 1, 'PACK', 'Sudah Disetujui', 192),
(433, NULL, 'TISU 200S', 'Vonny Joice Lalujan', '2025-09-09', 4, 'BUAH', 'Sudah Disetujui', 192),
(434, NULL, 'DEODORIZER (PENGHARUM TOILET) REFILL', 'Vonny Joice Lalujan', '2025-09-09', 3, 'BUAH', 'Sudah Disetujui', 192),
(435, NULL, 'HANDSOAP', 'Vonny Joice Lalujan', '2025-09-09', 1, 'BUAH', 'Sudah Disetujui', 192),
(436, NULL, 'KAMPER TOILET DAHLIA', 'Vonny Joice Lalujan', '2025-09-09', 2, 'PACK', 'Sudah Disetujui', 192),
(437, NULL, 'KERTAS HVS A3', 'Ni Putu Beliana Puspita Sari', '2025-09-09', 1, 'RIM', 'Sudah Disetujui', 193),
(438, NULL, 'BINDER CLIPS KENKO NO.200', 'Vonny Joice Lalujan', '2025-09-10', 1, 'BOX', 'Sudah Disetujui', 194),
(439, NULL, 'PENGHARUM RUANGAN STELLA BOTOL', 'Vonny Joice Lalujan', '2025-09-10', 1, 'BOTOL', 'Sudah Disetujui', 194),
(440, NULL, 'KERTAS HVS A4', 'Arista Roza Belawan SST', '2025-09-11', 1, 'RIM', 'Sudah Disetujui', 195),
(441, NULL, 'BINDER CLIPS KENKO NO.111', 'Arista Roza Belawan SST', '2025-09-11', 1, 'BOX', 'Sudah Disetujui', 195),
(442, NULL, 'PENSIL 2B', 'Arista Roza Belawan SST', '2025-09-11', 1, 'BUAH', 'Sudah Disetujui', 195),
(443, NULL, 'PULPEN 0.7 MM', 'Arista Roza Belawan SST', '2025-09-11', 2, 'BUAH', 'Sudah Disetujui', 195),
(444, NULL, 'PULPEN STANDARD BOLDLINER PRO 0.8', 'Arista Roza Belawan SST', '2025-09-11', 1, 'BUAH', 'Sudah Disetujui', 195),
(445, NULL, 'DEODORIZER (PENGHARUM TOILET)', 'Arista Roza Belawan SST', '2025-09-11', 4, 'BUAH', 'Sudah Disetujui', 195),
(446, NULL, 'KERTAS HVS A4', 'Munawir Kobis', '2025-09-12', 2, 'RIM', 'Sudah Disetujui', 196),
(447, NULL, 'PULPEN 0.7 MM', 'Ni Putu Beliana Puspita Sari', '2025-09-12', 1, 'BUAH', 'Sudah Disetujui', 197),
(448, NULL, 'PENSIL 2B', 'Ni Putu Beliana Puspita Sari', '2025-09-12', 2, 'BUAH', 'Sudah Disetujui', 197),
(449, NULL, 'ORDNER 70 MM', 'Ni Putu Beliana Puspita Sari', '2025-09-12', 1, 'BUAH', 'Sudah Disetujui', 197),
(450, NULL, 'PULPEN 0.7 MM', 'Vonny Joice Lalujan', '2025-09-12', 2, 'BUAH', 'Sudah Disetujui', 198),
(451, NULL, 'PAPER CLIP NO.1', 'Vonny Joice Lalujan', '2025-09-12', 1, 'BOX', 'Sudah Disetujui', 198),
(452, NULL, 'TISU 250S', 'Vonny Joice Lalujan', '2025-09-12', 5, 'BUAH', 'Sudah Disetujui', 198),
(453, NULL, 'CARTRIDGE TONER CF289A HP', 'Arista Roza Belawan SST', '2025-09-19', 1, 'BUAH', 'Sudah Disetujui', 199),
(454, NULL, 'CARTRIDGE TONER COMPT-CE505A', 'Arista Roza Belawan SST', '2025-09-19', 1, 'BUAH', 'Sudah Disetujui', 199),
(455, NULL, 'CARTRIDGE COMPATIBLE 6230', 'Arista Roza Belawan SST', '2025-09-19', 1, 'BUAH', 'Sudah Disetujui', 199),
(456, NULL, 'CARTRIDGE ORIGINAL-CF217A', 'Arista Roza Belawan SST', '2025-09-19', 1, 'BUAH', 'Sudah Disetujui', 199),
(457, NULL, 'TISU 200S', 'Vonny Joice Lalujan', '2025-09-23', 3, 'BUAH', 'Sudah Disetujui', 200),
(458, NULL, 'HANDSOAP', 'Vonny Joice Lalujan', '2025-09-23', 1, 'BUAH', 'Sudah Disetujui', 200),
(459, NULL, 'DEODORIZER (PENGHARUM TOILET) REFILL', 'Vonny Joice Lalujan', '2025-09-23', 2, 'BUAH', 'Sudah Disetujui', 200),
(460, NULL, 'TISU 250S', 'Vonny Joice Lalujan', '2025-09-23', 2, 'BUAH', 'Sudah Disetujui', 200),
(461, NULL, 'KERTAS HVS A4', 'Elrini Wuisan', '2025-09-29', 2, 'RIM', 'Sudah Disetujui', 201),
(462, NULL, 'KERTAS HVS A4', 'Rahadita Nur Haida', '2025-09-30', 1, 'RIM', 'Sudah Disetujui', 202),
(463, NULL, 'PAGE MARKER KECIL/5 COLORS', 'Rahadita Nur Haida', '2025-09-30', 1, 'BUAH', 'Sudah Disetujui', 202),
(464, NULL, 'KERTAS HVS A4', 'Elrini Wuisan', '2025-09-30', 1, 'RIM', 'Sudah Disetujui', 203),
(465, NULL, 'MAP BPS', 'Elrini Wuisan', '2025-09-30', 10, 'BUAH', 'Sudah Disetujui', 203),
(466, NULL, 'KERTAS HVS A4', 'Maskhur Solikhudin', '2025-10-01', 1, 'RIM', 'Sudah Disetujui', 204),
(467, NULL, 'KERTAS HVS A4', 'Defi Astuti Anggraeni', '2025-10-01', 1, 'RIM', 'Sudah Disetujui', 205),
(468, NULL, 'ISI STAPLES NO.10', 'Defi Astuti Anggraeni', '2025-10-01', 1, 'BUAH', 'Sudah Disetujui', 205),
(469, NULL, 'MAP BPS', 'Natalia Ondang', '2025-10-02', 10, 'BUAH', 'Sudah Disetujui', 206),
(470, NULL, 'PAGE MARKER KECIL/5 COLORS', 'Natalia Ondang', '2025-10-02', 1, 'BUAH', 'Sudah Disetujui', 206),
(471, NULL, 'BINDER CLIP NO.155', 'Natalia Ondang', '2025-10-02', 1, 'BOX', 'Sudah Disetujui', 206),
(472, NULL, 'KERTAS HVS A4', 'Arista Roza Belawan SST', '2025-10-06', 1, 'RIM', 'Sudah Disetujui', 207);
INSERT INTO `pengeluaran` (`id_pengeluaran`, `id_barang`, `nama_barang_input`, `nama_pegawai`, `tanggal`, `jumlah`, `satuan`, `keterangan`, `no_bukti`) VALUES
(473, NULL, 'TISU 250S', 'Arista Roza Belawan SST', '2025-10-06', 5, 'BUAH', 'Sudah Disetujui', 207),
(474, NULL, 'KERTAS HVS A4', 'Elrini Wuisan', '2025-10-06', 1, 'RIM', 'Sudah Disetujui', 208),
(475, NULL, 'KERTAS HVS A4', 'Maskhur Solikhudin', '2025-10-09', 2, 'RIM', 'Sudah Disetujui', 209),
(476, NULL, 'PAGE MARKER KECIL/5 COLORS', 'Maskhur Solikhudin', '2025-10-09', 1, 'BUAH', 'Sudah Disetujui', 209),
(477, NULL, 'BINDER CLIPS KENKO NO.107', 'Munawir Kobis', '2025-10-09', 4, 'BOX', 'Sudah Disetujui', 210),
(478, NULL, 'BINDER CLIP NO.105', 'Munawir Kobis', '2025-10-09', 2, 'BOX', 'Sudah Disetujui', 210),
(479, NULL, 'PULPEN STANDARD BOLDLINER PRO 0.8', 'Munawir Kobis', '2025-10-09', 1, 'BUAH', 'Sudah Disetujui', 210),
(480, NULL, 'PAGE MARKER KECIL/5 COLORS', 'Munawir Kobis', '2025-10-09', 1, 'BUAH', 'Sudah Disetujui', 210),
(481, NULL, 'DOUBLE TIP OFFICEPLUS', 'Farhan', '2025-10-10', 1, 'ROL', 'Sudah Disetujui', 211),
(482, NULL, 'GUNTING KECIL', 'Rikky Rugian', '2025-10-10', 1, 'BUAH', 'Sudah Disetujui', 212),
(483, NULL, 'PENGHARUM RUANGAN BOTOL BESAR', 'Vonny Joice Lalujan', '2025-10-10', 1, 'BOTOL', 'Sudah Disetujui', 213),
(484, NULL, 'TISU TOILET PACK', 'Vonny Joice Lalujan', '2025-10-10', 1, 'PACK', 'Sudah Disetujui', 213),
(485, NULL, 'TISU 200S', 'Vonny Joice Lalujan', '2025-10-10', 3, 'BUAH', 'Sudah Disetujui', 213),
(486, NULL, 'BATERAI AA ALKALINE', 'Lazia Outenty Bimbangnaung', '2025-10-10', 2, 'PACK', 'Sudah Disetujui', 214),
(487, NULL, 'TINTA EPSON 003 BLACK', 'Ni Putu Beliana Puspita Sari', '2025-10-10', 1, 'BOTOL', 'Sudah Disetujui', 215),
(488, NULL, 'TINTA EPSON 003 CYAN', 'Ni Putu Beliana Puspita Sari', '2025-10-10', 1, 'BOTOL', 'Sudah Disetujui', 215),
(489, NULL, 'TINTA EPSON 003 MAGENTA', 'Ni Putu Beliana Puspita Sari', '2025-10-10', 1, 'BOTOL', 'Sudah Disetujui', 215),
(490, NULL, 'TINTA EPSON 003 YELLOW', 'Ni Putu Beliana Puspita Sari', '2025-10-10', 1, 'BOTOL', 'Sudah Disetujui', 215),
(491, NULL, 'ORDNER 70 MM', 'Ni Putu Beliana Puspita Sari', '2025-10-10', 2, 'BUAH', 'Sudah Disetujui', 215),
(492, NULL, 'CARTRIDGE TONER COMPT-CE505A', 'Julianti Hartanto', '2025-10-14', 1, 'BUAH', 'Sudah Disetujui', 216),
(493, NULL, 'KERTAS HVS A4', 'Yanti Jane Ivonne Kaeng', '2025-10-15', 2, 'RIM', 'Sudah Disetujui', 217),
(494, NULL, 'BINDER CLIPS KENKO NO.260', 'Yanti Jane Ivonne Kaeng', '2025-10-15', 1, 'BOX', 'Sudah Disetujui', 217),
(495, NULL, 'BINDER CLIPS KENKO NO.200', 'Yanti Jane Ivonne Kaeng', '2025-10-15', 1, 'BOX', 'Sudah Disetujui', 217),
(496, NULL, 'ISI STAPLES NO.10', 'Yanti Jane Ivonne Kaeng', '2025-10-15', 3, 'BUAH', 'Sudah Disetujui', 217),
(497, NULL, 'DEODORIZER (PENGHARUM TOILET) REFILL', 'Rahadita Nur Haida', '2025-10-17', 3, 'BUAH', 'Sudah Disetujui', 218),
(498, NULL, 'TISU 200S', 'Rahadita Nur Haida', '2025-10-17', 2, 'BUAH', 'Sudah Disetujui', 218),
(499, NULL, 'SABUN CUCI/DETERGENT', 'Rahadita Nur Haida', '2025-10-17', 1, 'BUAH', 'Sudah Disetujui', 218),
(500, NULL, 'TISU TOILET PACK', 'Vonny Joice Lalujan', '2025-10-21', 1, 'PACK', 'Sudah Disetujui', 219),
(501, NULL, 'BATERAI AA ALKALINE', 'Vini Cristin', '2025-10-21', 1, 'PACK', 'Sudah Disetujui', 220),
(502, NULL, 'PULPEN 0.7 MM', 'Ni Putu Beliana Puspita Sari', '2025-10-22', 2, 'BUAH', 'Sudah Disetujui', 221),
(503, NULL, 'KERTAS HVS A4', 'Weny Fitrah Anwari', '2025-10-22', 2, 'RIM', 'Sudah Disetujui', 222),
(504, NULL, 'PULPEN 0.7 MM', 'Rahadita Nur Haida', '2025-10-22', 2, 'BUAH', 'Sudah Disetujui', 223),
(505, NULL, 'KERTAS HVS A4', 'Rahadita Nur Haida', '2025-10-22', 2, 'RIM', 'Sudah Disetujui', 223),
(506, NULL, 'GUNTING KECIL', 'Ni Putu Beliana Puspita Sari', '2025-10-23', 1, 'BUAH', 'Sudah Disetujui', 224),
(507, NULL, 'ISI STAPLES NO.10', 'Ni Putu Beliana Puspita Sari', '2025-10-23', 2, 'BUAH', 'Sudah Disetujui', 224),
(508, NULL, 'ISI STAPLES NO.3', 'Ni Putu Beliana Puspita Sari', '2025-10-23', 1, 'BOX', 'Sudah Disetujui', 224),
(509, NULL, 'STAPLE REMOVER', 'Ni Putu Beliana Puspita Sari', '2025-10-23', 1, 'BUAH', 'Sudah Disetujui', 224),
(510, NULL, 'BINDER CLIP NO.105', 'Rahadita Nur Haida', '2025-10-23', 2, 'BOX', 'Sudah Disetujui', 225),
(511, NULL, 'PULPEN 0.7 MM', 'Rahadita Nur Haida', '2025-10-23', 2, 'BUAH', 'Sudah Disetujui', 225),
(512, NULL, 'TISU TOILET PACK', 'Rahadita Nur Haida', '2025-10-23', 1, 'PACK', 'Sudah Disetujui', 225),
(513, NULL, 'BINDER CLIPS KENKO NO.107', 'Yanti Jane Ivonne Kaeng', '2025-10-27', 2, 'BOX', 'Sudah Disetujui', 226),
(514, NULL, 'BINDER CLIP NO.105', 'Yanti Jane Ivonne Kaeng', '2025-10-27', 1, 'BOX', 'Sudah Disetujui', 226),
(515, NULL, 'STAPLE REMOVER', 'Yanti Jane Ivonne Kaeng', '2025-10-27', 1, 'BUAH', 'Sudah Disetujui', 226),
(516, NULL, 'KERTAS HVS A4', 'Yanti Jane Ivonne Kaeng', '2025-10-27', 2, 'RIM', 'Sudah Disetujui', 226),
(517, NULL, 'KERTAS HVS F4', 'Maskhur Solikhudin', '2025-10-27', 1, 'RIM', 'Sudah Disetujui', 227),
(518, NULL, 'Cartridge HP 682 COLOR', 'Mia Wahyumiranti, SM', '2025-10-27', 1, 'BUAH', 'Sudah Disetujui', 228),
(519, NULL, 'GUNTING KECIL', 'Mia Wahyumiranti, SM', '2025-10-27', 1, 'BUAH', 'Sudah Disetujui', 228),
(520, NULL, 'Cartridge HP 682 BLACK', 'Mia Wahyumiranti, SM', '2025-10-27', 1, 'BUAH', 'Sudah Disetujui', 228),
(521, NULL, 'BINDER CLIP NO.105', 'Mia Wahyumiranti, SM', '2025-10-27', 2, 'BOX', 'Sudah Disetujui', 228),
(522, NULL, 'MAP BPS', 'Maskhur Solikhudin', '2025-10-27', 20, 'BUAH', 'Sudah Disetujui', 229),
(523, NULL, 'TISU TOILET PACK', 'Vonny Joice Lalujan', '2025-10-28', 1, 'PACK', 'Sudah Disetujui', 230),
(524, NULL, 'TISU 200S', 'Vonny Joice Lalujan', '2025-10-28', 2, 'BUAH', 'Sudah Disetujui', 230),
(525, NULL, 'KANTONG PLASTIK SAMPAH', 'Vonny Joice Lalujan', '2025-10-28', 1, 'PACK', 'Sudah Disetujui', 230),
(526, NULL, 'KERTAS HVS A4', 'Elrini Wuisan', '2025-10-30', 2, 'RIM', 'Sudah Disetujui', 231),
(527, NULL, 'GUNTING KECIL', 'Elrini Wuisan', '2025-10-30', 1, 'BUAH', 'Sudah Disetujui', 231),
(528, NULL, 'BINDER CLIPS KENKO NO.260', 'Elrini Wuisan', '2025-10-30', 1, 'BOX', 'Sudah Disetujui', 231),
(529, NULL, 'BINDER CLIPS KENKO NO.111', 'Elrini Wuisan', '2025-10-30', 1, 'BOX', 'Sudah Disetujui', 231),
(530, NULL, 'LEM KERTAS STICK KECIL', 'Santi H Putri', '2025-11-03', 1, 'BUAH', 'Sudah Disetujui', 232),
(531, NULL, 'ISI STAPLES NO.10', 'Santi H Putri', '2025-11-03', 1, 'BUAH', 'Sudah Disetujui', 232),
(532, NULL, 'PAGE MARKER KECIL/5 COLORS', 'Santi H Putri', '2025-11-03', 1, 'BUAH', 'Sudah Disetujui', 232),
(533, NULL, 'BINDER CLIP NO.105', 'Santi H Putri', '2025-11-03', 2, 'BOX', 'Sudah Disetujui', 232),
(534, NULL, 'KERTAS HVS A4', 'Santi H Putri', '2025-11-03', 2, 'RIM', 'Sudah Disetujui', 232),
(535, NULL, 'AMPLOP NO.90 KARDUS', 'Maskhur Solikhudin', '2025-11-03', 1, 'BOX', 'Sudah Disetujui', 233),
(536, NULL, 'BINDER CLIP NO.105', 'Maskhur Solikhudin', '2025-11-03', 1, 'BOX', 'Sudah Disetujui', 233),
(537, NULL, 'TISU 200S', 'Rahadita Nur Haida', '2025-11-03', 3, 'BUAH', 'Sudah Disetujui', 234),
(538, NULL, 'KERTAS HVS A4', 'Rahadita Nur Haida', '2025-11-03', 2, 'RIM', 'Sudah Disetujui', 234),
(539, NULL, 'BINDER CLIPS KENKO NO.107', 'Rahadita Nur Haida', '2025-11-03', 2, 'BOX', 'Sudah Disetujui', 234),
(540, NULL, 'LAKBAN BESAR HITAM', 'Rahadita Nur Haida', '2025-11-03', 1, 'ROL', 'Sudah Disetujui', 234),
(541, NULL, 'DEODORIZER (PENGHARUM TOILET) REFILL', 'Rahadita Nur Haida', '2025-11-03', 3, 'BUAH', 'Sudah Disetujui', 234),
(542, NULL, 'TISU TOILET PACK', 'Rahadita Nur Haida', '2025-11-03', 1, 'PACK', 'Sudah Disetujui', 234),
(543, NULL, 'PEMBERSIH LANTAI SUPERPEL JERIKEN', 'Rahadita Nur Haida', '2025-11-03', 1, 'JERIKEN', 'Sudah Disetujui', 234),
(544, NULL, 'PULPEN STANDARD BOLDLINER PRO 0.8', 'Ir. Novri Poultje Mokoagouw', '2025-11-03', 2, 'BUAH', 'Sudah Disetujui', 235),
(545, NULL, 'PULPEN STANDARD BOLDLINER PRO 0.8', 'Arista Roza Belawan SST', '2025-11-03', 1, 'BUAH', 'Sudah Disetujui', 236),
(546, NULL, 'LAKBAN BESAR BENING', 'Arista Roza Belawan SST', '2025-11-03', 1, 'ROL', 'Sudah Disetujui', 236),
(547, NULL, 'PULPEN 0.7 MM', 'Arista Roza Belawan SST', '2025-11-03', 1, 'BUAH', 'Sudah Disetujui', 236),
(548, NULL, 'PENSIL 2B', 'Arista Roza Belawan SST', '2025-11-03', 1, 'BUAH', 'Sudah Disetujui', 236),
(549, NULL, 'TINTA ISI ULANG STAMPEL 5CC', 'Arista Roza Belawan SST', '2025-11-03', 1, 'BUAH', 'Sudah Disetujui', 236),
(550, NULL, 'GUNTING KECIL', 'Arista Roza Belawan SST', '2025-11-03', 1, 'BUAH', 'Sudah Disetujui', 236),
(551, NULL, 'MAP UPACARA', 'Mia Wahyumiranti, SM', '2025-11-03', 7, 'BUAH', 'Sudah Disetujui', 237),
(552, NULL, 'KERTAS HVS A4', 'Mia Wahyumiranti, SM', '2025-11-03', 2, 'RIM', 'Sudah Disetujui', 237),
(553, NULL, 'TINTA EPSON 003 MAGENTA', 'Ni Putu Beliana Puspita Sari', '2025-11-03', 1, 'BOTOL', 'Sudah Disetujui', 238),
(554, NULL, 'TINTA EPSON 003 CYAN', 'Ni Putu Beliana Puspita Sari', '2025-11-03', 1, 'BOTOL', 'Sudah Disetujui', 238),
(555, NULL, 'TINTA EPSON 003 YELLOW', 'Ni Putu Beliana Puspita Sari', '2025-11-03', 1, 'BOTOL', 'Sudah Disetujui', 238),
(556, NULL, 'TINTA EPSON 003 BLACK', 'Ni Putu Beliana Puspita Sari', '2025-11-03', 1, 'BOTOL', 'Sudah Disetujui', 238),
(557, NULL, 'KERTAS HVS A4', 'Ni Putu Beliana Puspita Sari', '2025-11-03', 3, 'RIM', 'Sudah Disetujui', 238),
(558, NULL, 'KERTAS HVS A4', 'Sastadeferah Risab', '2025-11-04', 1, 'RIM', 'Sudah Disetujui', 239),
(559, NULL, 'LAKBAN BESAR BENING', 'Sastadeferah Risab', '2025-11-04', 1, 'ROL', 'Sudah Disetujui', 239),
(560, NULL, 'ISI STAPLES NO.10', 'Sastadeferah Risab', '2025-11-04', 1, 'BUAH', 'Sudah Disetujui', 239),
(561, NULL, 'GUNTING KECIL', 'Sastadeferah Risab', '2025-11-04', 1, 'BUAH', 'Sudah Disetujui', 239),
(562, NULL, 'INDEX & MARKS 7 COLOR', 'Sastadeferah Risab', '2025-11-04', 1, 'PACK', 'Sudah Disetujui', 239),
(563, NULL, 'STAPLE REMOVER', 'Sastadeferah Risab', '2025-11-04', 1, 'BUAH', 'Sudah Disetujui', 239),
(564, NULL, 'PULPEN 0.7 MM', 'Sastadeferah Risab', '2025-11-04', 1, 'BUAH', 'Sudah Disetujui', 239),
(565, NULL, 'CARTRIDGE ORIGINAL CANON 325', 'Sastadeferah Risab', '2025-11-04', 1, 'BUAH', 'Sudah Disetujui', 239),
(566, NULL, 'KERTAS HVS A4', 'Marthedy Mormin Tenggehi', '2025-11-04', 1, 'RIM', 'Sudah Disetujui', 240),
(567, NULL, 'KANTONG PLASTIK SAMPAH', 'Vonny Joice Lalujan', '2025-11-04', 1, 'PACK', 'Sudah Disetujui', 241),
(568, NULL, 'SABUN CUCI PIRING', 'Vonny Joice Lalujan', '2025-11-04', 1, 'BUAH', 'Sudah Disetujui', 241),
(569, NULL, 'KERTAS HVS A4', 'Rahadita Nur Haida', '2025-11-06', 3, 'RIM', 'Sudah Disetujui', 242),
(570, NULL, 'KERTAS HVS A4', 'Elrini Wuisan', '2025-11-10', 1, 'RIM', 'Sudah Disetujui', 243),
(571, NULL, 'KERTAS HVS A4', 'Elrini Wuisan', '2025-11-10', 2, 'RIM', 'Sudah Disetujui', 243),
(572, NULL, 'ISI STAPLES NO.10', 'Elrini Wuisan', '2025-11-10', 1, 'BUAH', 'Sudah Disetujui', 243),
(573, NULL, 'INDEX & MARKS 7 COLOR', 'Weny Fitrah Anwari', '2025-11-10', 2, 'PACK', 'Sudah Disetujui', 244),
(574, NULL, 'MAP BPS', 'Weny Fitrah Anwari', '2025-11-10', 20, 'BUAH', 'Sudah Disetujui', 244),
(575, NULL, 'KERTAS HVS A4', 'Natalia Ondang', '2025-11-10', 1, 'RIM', 'Sudah Disetujui', 245),
(576, NULL, 'PENGHARUM RUANGAN BOTOL BESAR', 'Vonny Joice Lalujan', '2025-11-11', 1, 'BOTOL', 'Sudah Disetujui', 246),
(577, NULL, 'PEMBERSIH KACA', 'Vonny Joice Lalujan', '2025-11-11', 1, 'BUAH', 'Sudah Disetujui', 246),
(578, NULL, 'SABUN CUCI PIRING JERIGEN', 'Vonny Joice Lalujan', '2025-11-11', 1, 'JERIGEN', 'Sudah Disetujui', 246),
(579, NULL, 'TISU TOILET PACK', 'Vonny Joice Lalujan', '2025-11-11', 1, 'PACK', 'Sudah Disetujui', 246),
(580, NULL, 'KERTAS HVS A4', 'Maskhur Solikhudin', '2025-11-13', 2, 'RIM', 'Sudah Disetujui', 247),
(581, NULL, 'PULPEN STANDARD BOLDLINER PRO 0.8', 'Ni Putu Beliana Puspita Sari', '2025-11-13', 1, 'BUAH', 'Sudah Disetujui', 248),
(582, NULL, 'KERTAS HVS A4', 'Ni Putu Beliana Puspita Sari', '2025-11-13', 2, 'RIM', 'Sudah Disetujui', 248),
(583, NULL, 'MAP BPS', 'Ni Putu Beliana Puspita Sari', '2025-11-13', 10, 'BUAH', 'Sudah Disetujui', 248),
(584, NULL, 'ORDNER 70 MM', 'Ni Putu Beliana Puspita Sari', '2025-11-13', 1, 'BUAH', 'Sudah Disetujui', 248),
(585, NULL, 'GUNTING KECIL', 'Munawir Kobis', '2025-11-13', 1, 'BUAH', 'Sudah Disetujui', 249),
(586, NULL, 'MAP BPS', 'Munawir Kobis', '2025-11-13', 10, 'BUAH', 'Sudah Disetujui', 249),
(587, NULL, 'STAPLE REMOVER', 'Munawir Kobis', '2025-11-13', 1, 'BUAH', 'Sudah Disetujui', 249),
(588, NULL, 'PERFERATOR', 'Munawir Kobis', '2025-11-13', 1, 'BUAH', 'Sudah Disetujui', 249),
(589, NULL, 'KERTAS HVS A4', 'Munawir Kobis', '2025-11-13', 2, 'RIM', 'Sudah Disetujui', 249),
(590, NULL, 'ISI STAPLES NO.10', 'Santi H Putri', '2025-11-13', 1, 'BUAH', 'Sudah Disetujui', 250),
(591, NULL, 'PAPER CLIP NO.1 100 PCS', 'Maskhur Solikhudin', '2025-11-14', 1, 'BOX', 'Sudah Disetujui', 251),
(592, NULL, 'KERTAS HVS A4', 'Maskhur Solikhudin', '2025-11-14', 2, 'RIM', 'Sudah Disetujui', 251),
(593, NULL, 'GUNTING KECIL', 'Julianti Hartanto', '2025-11-14', 1, 'BUAH', 'Sudah Disetujui', 252),
(594, NULL, 'CARTRIDGE TONER COMPT-CE505A', 'Julianti Hartanto', '2025-11-14', 1, 'BUAH', 'Sudah Disetujui', 252),
(595, NULL, 'TINTA EPSON 008 CYAN', 'Ni Putu Beliana Puspita Sari', '2025-11-14', 1, 'BOTOL', 'Sudah Disetujui', 253),
(596, NULL, 'TINTA EPSON 008 MAGENTA', 'Ni Putu Beliana Puspita Sari', '2025-11-14', 1, 'BOTOL', 'Sudah Disetujui', 253),
(597, NULL, 'TINTA EPSON 008 YELLOW', 'Ni Putu Beliana Puspita Sari', '2025-11-14', 1, 'BOTOL', 'Sudah Disetujui', 253),
(598, NULL, 'RAUTAN KECIL WARNA ZRM', 'Santi H Putri', '2025-11-17', 1, 'BUAH', 'Sudah Disetujui', 254),
(599, NULL, 'GUNTING KECIL', 'Santi H Putri', '2025-11-17', 1, 'BUAH', 'Sudah Disetujui', 254),
(600, NULL, 'MAP BPS', 'Santi H Putri', '2025-11-17', 10, 'BUAH', 'Sudah Disetujui', 254),
(601, NULL, 'PAPER CLIP NO.1 100 PCS (SILVER)', 'Santi H Putri', '2025-11-17', 1, 'BOX', 'Sudah Disetujui', 254),
(602, NULL, 'Kuesioner Seruti Inti VSERUTI25.Inti (3)', 'Munawir Kobis', '2025-11-17', 160, 'SET', 'Sudah Disetujui', 255),
(603, NULL, 'Kuesioner Seruti VSERUTI25.MAK (3)', 'Munawir Kobis', '2025-11-17', 160, 'SET', 'Sudah Disetujui', 255),
(604, NULL, 'Kuesioner HP- JLP 2026', 'Elrini Wuisan', '2025-11-17', 4, 'SET', 'Sudah Disetujui', 256),
(605, NULL, 'Kuesioner HP-JA 2026', 'Elrini Wuisan', '2025-11-17', 3, 'SET', 'Sudah Disetujui', 256),
(606, NULL, 'Kuesioner HP-JTDL 2026', 'Elrini Wuisan', '2025-11-17', 9, 'SET', 'Sudah Disetujui', 256),
(607, NULL, 'Kuesioner HP-JTL 2026', 'Elrini Wuisan', '2025-11-17', 3, 'SET', 'Sudah Disetujui', 256),
(608, NULL, 'Kuesioner HP-JTU 2026', 'Elrini Wuisan', '2025-11-17', 11, 'SET', 'Sudah Disetujui', 256),
(609, NULL, 'Kuesioner HP-JK 2026', 'Elrini Wuisan', '2025-11-17', 3, 'SET', 'Sudah Disetujui', 256),
(610, NULL, 'Kuesioner HPT 2026', 'Elrini Wuisan', '2025-11-17', 3, 'SET', 'Sudah Disetujui', 256),
(611, NULL, 'Kuesioner HP 2026', 'Elrini Wuisan', '2025-11-17', 128, 'SET', 'Sudah Disetujui', 256),
(612, NULL, 'Kuesioner Suplemen SHP 2026', 'Elrini Wuisan', '2025-11-17', 192, 'SET', 'Sudah Disetujui', 256),
(613, NULL, 'TISU TOILET PACK', 'Vonny Joice Lalujan', '2025-11-18', 1, 'PACK', 'Sudah Disetujui', 257),
(614, NULL, 'TISU TOILET PACK', 'Defi Astuti Anggraeni', '2025-11-24', 1, 'PACK', 'Sudah Disetujui', 258),
(615, NULL, 'KERTAS HVS A4', 'Defi Astuti Anggraeni', '2025-11-24', 2, 'RIM', 'Sudah Disetujui', 258),
(616, NULL, 'PENGHARUM RUANGAN BOTOL BESAR', 'Defi Astuti Anggraeni', '2025-11-24', 1, 'BOTOL', 'Sudah Disetujui', 258),
(617, NULL, 'KERTAS HVS A4', 'Ni Putu Beliana Puspita Sari', '2025-11-24', 2, 'RIM', 'Sudah Disetujui', 259),
(618, NULL, 'PAPER CLIP NO.1 100 PCS', 'Maskhur Solikhudin', '2025-11-28', 1, 'BOX', 'Sudah Disetujui', 260),
(619, NULL, 'KERTAS HVS A4', 'Maskhur Solikhudin', '2025-11-28', 2, 'RIM', 'Sudah Disetujui', 260),
(620, NULL, 'KERTAS HVS A4', 'Yanti Jane Ivonne Kaeng', '2025-11-28', 6, 'RIM', 'Sudah Disetujui', 261),
(621, NULL, 'PAPER CLIP NO.1 100 PCS', 'Yanti Jane Ivonne Kaeng', '2025-11-28', 1, 'BOX', 'Sudah Disetujui', 261),
(622, NULL, 'PAPER CLIP NO.1 100 PCS (SILVER)', 'Rahadita Nur Haida', '2025-12-01', 1, 'BOX', '', 0),
(623, NULL, 'BATERAI AA', 'Rahadita Nur Haida', '2025-12-01', 1, 'PACK', '', 0),
(624, NULL, 'PAPER CLIP NO.1 100 PCS', 'Frisca Ully Saragih', '2025-12-01', 1, 'BOX', '', 0),
(625, NULL, 'BINDER CLIP NO.155', 'Frisca Ully Saragih', '2025-12-01', 1, 'BOX', '', 0),
(626, NULL, 'MAP BPS', 'Frisca Ully Saragih', '2025-12-01', 10, 'BUAH', '', 0),
(627, NULL, 'PULPEN 0.7 MM', 'Frisca Ully Saragih', '2025-12-01', 1, 'BUAH', '', 0),
(628, NULL, 'MAP BPS', 'Lusiana Tungkagi', '2025-12-01', 10, 'BUAH', '', 0),
(629, NULL, 'PULPEN 0.7 MM', 'Lusiana Tungkagi', '2025-12-01', 1, 'BUAH', '', 0),
(630, NULL, 'ISI STAPLES NO.10', 'Lusiana Tungkagi', '2025-12-01', 1, 'BUAH', '', 0),
(631, NULL, 'BINDER CLIPS KENKO NO.111', 'Maskhur Solikhudin', '2025-12-01', 2, 'BOX', '', 0),
(632, NULL, 'SPIDOL BESAR HITAM', 'Maskhur Solikhudin', '2025-12-01', 1, 'BUAH', '', 0),
(633, NULL, 'LEM KERTAS STICK KECIL', 'Rahadita Nur Haida', '2025-12-01', 1, 'BUAH', '', 0),
(634, NULL, 'BINDER CLIP NO.155', 'Vivi Novita Sumampouw', '2025-12-02', 1, 'BOX', '', 0),
(635, NULL, 'PAPER CLIP NO.1 100 PCS', 'Vivi Novita Sumampouw', '2025-12-02', 1, 'BOX', '', 0),
(636, NULL, 'STAPLE REMOVER', 'Vivi Novita Sumampouw', '2025-12-02', 1, 'BUAH', '', 0),
(637, NULL, 'PAGE MARKER KECIL/5 COLORS', 'Vivi Novita Sumampouw', '2025-12-02', 1, 'BUAH', '', 0),
(638, NULL, 'KERTAS HVS A4', 'Vivi Novita Sumampouw', '2025-12-02', 2, 'RIM', '', 0),
(639, NULL, 'BINDER CLIPS KENKO NO.260', 'Vivi Novita Sumampouw', '2025-12-02', 1, 'BOX', '', 0),
(640, NULL, 'ISI STAPLES NO.10', 'Vivi Novita Sumampouw', '2025-12-02', 1, 'BUAH', '', 0),
(641, NULL, 'KERTAS HVS A4', 'Natalia Ondang', '2025-12-02', 2, 'RIM', '', 0),
(642, NULL, 'STAPLE REMOVER', 'Natalia Ondang', '2025-12-02', 1, 'BUAH', '', 0),
(643, NULL, 'BINDER CLIP NO.155', 'Natalia Ondang', '2025-12-02', 1, 'BOX', '', 0),
(644, NULL, 'PAGE MARKER KECIL/5 COLORS', 'Natalia Ondang', '2025-12-02', 1, 'BUAH', '', 0),
(645, NULL, 'PAPER CLIP NO.1 100 PCS', 'Natalia Ondang', '2025-12-02', 1, 'BOX', '', 0),
(646, NULL, 'PAPER CLIP NO. 5 50 PCS', 'Natalia Ondang', '2025-12-02', 1, 'BOX', '', 0),
(647, NULL, 'ISI STAPLES NO.10', 'Natalia Ondang', '2025-12-02', 1, 'BUAH', '', 0),
(648, NULL, 'CARTRIDGE TONER COMPT-CF217A', 'Elrini Wuisan', '2025-12-02', 1, 'BUAH', '', 0),
(649, NULL, 'KERTAS HVS A4', 'Elrini Wuisan', '2025-12-02', 2, 'RIM', '', 0),
(650, NULL, 'STAPLE REMOVER', 'Elrini Wuisan', '2025-12-02', 1, 'BUAH', '', 0),
(651, NULL, 'ISI STAPLES NO.10', 'Elrini Wuisan', '2025-12-02', 2, 'BUAH', '', 0),
(652, NULL, 'PAPER CLIP NO.1 100 PCS', 'Elrini Wuisan', '2025-12-02', 1, 'BOX', '', 0),
(653, NULL, 'PAPER CLIP NO. 5 50 PCS', 'Elrini Wuisan', '2025-12-02', 1, 'BOX', '', 0),
(654, NULL, 'PAGE MARKER KECIL/5 COLORS', 'Elrini Wuisan', '2025-12-02', 1, 'BUAH', '', 0),
(655, NULL, 'BINDER CLIPS KENKO NO.107', 'Elrini Wuisan', '2025-12-02', 2, 'BOX', '', 0),
(656, NULL, 'BINDER CLIP NO.155', 'Elrini Wuisan', '2025-12-02', 1, 'BOX', '', 0),
(657, NULL, 'BINDER CLIPS KENKO NO.200', 'Elrini Wuisan', '2025-12-02', 1, 'BOX', '', 0),
(658, NULL, 'BINDER CLIPS KENKO NO.260', 'Mia Wahyumiranti, SM', '2025-12-02', 1, 'BOX', '', 0),
(659, NULL, 'BINDER CLIP NO.155', 'Mia Wahyumiranti, SM', '2025-12-02', 1, 'BOX', '', 0),
(660, NULL, 'BINDER CLIPS KENKO NO.111', 'Mia Wahyumiranti, SM', '2025-12-02', 2, 'BOX', '', 0),
(661, NULL, 'PAPER CLIP NO.1 100 PCS', 'Mia Wahyumiranti, SM', '2025-12-02', 1, 'BOX', '', 0),
(662, NULL, 'BINDER CLIP NO.105', 'Mia Wahyumiranti, SM', '2025-12-02', 5, 'BOX', '', 0),
(663, NULL, 'LAKBAN BESAR BENING', 'Natalia Ondang', '2025-12-04', 1, 'ROL', '', 0),
(664, NULL, 'AMPLOP COKLAT 310', 'Natalia Ondang', '2025-12-05', 1, 'PACK', '', 0),
(665, NULL, 'Cartridge HP 682 BLACK', 'Mia Wahyumiranti, SM', '2025-12-05', 1, 'BUAH', '', 0),
(666, NULL, 'LAKBAN BESAR HITAM', 'Mia Wahyumiranti, SM', '2025-12-05', 1, 'ROL', '', 0),
(667, NULL, 'KERTAS HVS A4', 'Defi Astuti Anggraeni', '2025-12-09', 2, 'RIM', '', 0),
(668, NULL, 'CARTRIDGE TONER CANON 326', 'Yanti Jane Ivonne Kaeng', '2025-12-09', 1, 'BUAH', '', 0),
(669, NULL, 'KERTAS HVS A4', 'Elrini Wuisan', '2025-12-10', 2, 'RIM', '', 0),
(670, NULL, 'MAP BPS', 'Vivi Novita Sumampouw', '2025-12-10', 10, 'BUAH', '', 0),
(671, NULL, 'MAP BPS', 'Ricky Sethaan', '2025-12-10', 10, 'BUAH', '', 0),
(672, NULL, 'PULPEN 0.7 MM', 'Ricky Sethaan', '2025-12-10', 2, 'BUAH', '', 0),
(673, NULL, 'BINDER CLIPS KENKO NO.260', 'Yanti Jane Ivonne Kaeng', '2025-12-11', 2, 'BOX', '', 0),
(674, NULL, 'BINDER CLIPS KENKO NO.200', 'Yanti Jane Ivonne Kaeng', '2025-12-11', 2, 'BOX', '', 0),
(675, NULL, 'BINDER CLIP NO.155', 'Yanti Jane Ivonne Kaeng', '2025-12-11', 2, 'BOX', '', 0),
(676, NULL, 'BINDER CLIPS KENKO NO.111', 'Yanti Jane Ivonne Kaeng', '2025-12-11', 2, 'BOX', '', 0),
(677, NULL, 'BINDER CLIPS KENKO NO.107', 'Yanti Jane Ivonne Kaeng', '2025-12-11', 2, 'BOX', '', 0),
(678, NULL, 'BINDER CLIP NO.105', 'Yanti Jane Ivonne Kaeng', '2025-12-11', 2, 'BOX', '', 0),
(679, NULL, 'PAPER CLIP NO.1 100 PCS (SILVER)', 'Yanti Jane Ivonne Kaeng', '2025-12-11', 2, 'BOX', '', 0),
(680, NULL, 'KERTAS HVS A4', 'Yanti Jane Ivonne Kaeng', '2025-12-11', 2, 'RIM', '', 0),
(681, NULL, 'EARPHONE', 'Farhan', '2025-12-11', 4, 'BUAH', '', 0),
(682, NULL, 'MAP BPS', 'Farhan', '2025-12-12', 10, 'BUAH', '', 0),
(683, NULL, 'GUNTING KECIL', 'Lusiana Tungkagi', '2025-12-12', 1, 'BUAH', '', 0),
(684, NULL, 'PAPER CLIP NO.1 100 PCS (SILVER)', 'Lusiana Tungkagi', '2025-12-12', 1, 'BOX', '', 0),
(685, NULL, 'TISU 250S', 'Vonny Joice Lalujan', '2025-12-16', 2, 'BUAH', '', 0),
(686, NULL, 'SABUN CUCI PIRING JERIGEN', 'Vonny Joice Lalujan', '2025-12-16', 1, 'JERIGEN', '', 0),
(687, NULL, 'DEODORIZER (PENGHARUM TOILET) REFILL', 'Vonny Joice Lalujan', '2025-12-16', 2, 'BUAH', '', 0),
(688, NULL, 'LEM KERTAS STICK KECIL', 'Julianti Hartanto', '2025-12-16', 1, 'BUAH', '', 0),
(689, NULL, 'TINTA ISI ULANG STAMPEL 5CC', 'Julianti Hartanto', '2025-12-16', 1, 'BUAH', '', 0),
(690, NULL, 'KERTAS HVS A4', 'Elrini Wuisan', '2025-12-17', 1, 'RIM', '', 0),
(691, 29, 'KERTAS HVS A4', 'Elrini Wuisan', '1970-01-01', 1, 'RIM', 'Import GForm', 0),
(692, 29, 'KERTAS HVS A4', 'Maskhur Solikhudin', '1970-01-01', 2, 'RIM', 'Import GForm', 0),
(693, 29, 'KERTAS HVS A4', 'Ni Putu Beliana Puspita Sari', '1970-01-01', 2, 'RIM', 'Import GForm', 0),
(694, 29, 'KERTAS HVS A4', 'Elrini Wuisan', '1970-01-01', 1, 'RIM', 'Import GForm', 0),
(695, 29, 'KERTAS HVS A4', 'Maskhur Solikhudin', '1970-01-01', 2, 'RIM', 'Import GForm', 0),
(696, 29, 'KERTAS HVS A4', 'Ni Putu Beliana Puspita Sari', '1970-01-01', 2, 'RIM', 'Import GForm', 0),
(697, 29, 'KERTAS HVS A4', 'Elrini Wuisan', '1970-01-01', 1, 'RIM', 'Import GForm', 0),
(698, 29, 'KERTAS HVS A4', 'Maskhur Solikhudin', '1970-01-01', 2, 'RIM', 'Import GForm', 0),
(699, 29, 'KERTAS HVS A4', 'Ni Putu Beliana Puspita Sari', '1970-01-01', 2, 'RIM', 'Import GForm', 0),
(700, 29, 'KERTAS HVS A4', 'Elrini Wuisan', '1970-01-01', 1, 'RIM', 'Import GForm', 0),
(701, 29, 'KERTAS HVS A4', 'Maskhur Solikhudin', '1970-01-01', 2, 'RIM', 'Import GForm', 0),
(702, 29, 'KERTAS HVS A4', 'Ni Putu Beliana Puspita Sari', '1970-01-01', 2, 'RIM', 'Import GForm', 0);

-- --------------------------------------------------------

--
-- Table structure for table `stock_raw`
--

CREATE TABLE `stock_raw` (
  `id_stock` int(11) NOT NULL,
  `nama_barang` text NOT NULL,
  `satuan` text NOT NULL,
  `masuk` int(11) NOT NULL,
  `keluar` int(11) NOT NULL,
  `tersedia` int(11) NOT NULL
) ENGINE=InnoDB DEFAULT CHARSET=utf8mb4 COLLATE=utf8mb4_general_ci;

--
-- Dumping data for table `stock_raw`
--

INSERT INTO `stock_raw` (`id_stock`, `nama_barang`, `satuan`, `masuk`, `keluar`, `tersedia`) VALUES
(1, 'BATERAI AAA ABC ALKALINE', 'BUAH', 4, 5, -1),
(2, 'BATERAI AAA ENERGIZER MAX', 'BUAH', 2, 1, 1),
(3, 'BATERAI ABC NEW SPECIAL', 'BUAH', 3, 0, 3),
(4, 'BATERAI MIC ENERGIZER MAX', 'BUAH', 13, 10, 3),
(5, 'BINDER CLIP ZRM NO.107', 'BUAH', 10, 7, 3),
(6, 'BINDER CLIP ZRM NO.111', 'BUAH', 10, 8, 2),
(7, 'BINDER CLIPS KENKO NO.107', 'BOX', 43, 38, 5),
(8, 'BINDER CLIPS KENKO NO.111', 'BOX', 43, 38, 5),
(9, 'BINDER CLIPS KENKO NO.200', 'BOX', 29, 20, 9),
(10, 'BINDER CLIPS KENKO NO.260', 'BOX', 29, 20, 9),
(11, 'BUKU KERJA 2023', 'BUKU', 2, 2, 0),
(12, 'CARTRIDGE ORIGINAL CANON 331 BLACK', '', 2, 0, 2),
(13, 'CARTRIDGE TONER CANON 326', 'BUAH', 9, 8, 1),
(14, 'CARTRIDGE TONER CF289A HP', 'BUAH', 7, 4, 3),
(15, 'CARTRIDGE TONER COMPT-CANON 731 BLACK', 'BUAH', 1, 0, 1),
(16, 'CARTRIDGE TONER COMPT-CANON 731 YELLOW', 'BUAH', 0, 0, 0),
(17, 'CARTRIDGE TONER COMPT-CE505A', 'BUAH', 10, 8, 2),
(18, 'CARTRIDGE TONER COMPT-CF217A', 'BUAH', 7, 7, 0),
(19, 'CARTRIDGE TONER COMPT-CF298A', 'BUAH', 1, 1, 0),
(20, 'CUTTER OFFICEPLUS', 'BUAH', 2, 2, 0),
(21, 'DOUBLE TIP OFFICEPLUS', 'ROL', 2, 2, 0),
(22, 'GUNTING ZRM', 'BUAH', 3, 3, 0),
(23, 'HAND SOAP INDOMARET', 'BUAH', 4, 4, 0),
(24, 'HAND SOAP YURI', 'PCS', 9, 9, 0),
(25, 'IBS AMPLOP COKLAT BESAR', 'SET', 30, 30, 0),
(26, 'ISI CUTTER JOYKO L-150', 'PACK', 3, 0, 3),
(27, 'ISI STAPLES JOYKO NO.10', 'BOX', 3, 3, 0),
(28, 'ISI STAPLES ZRM NO.3', 'BOX', 5, 5, 0),
(29, 'KABEL JARINGAN', 'DUS', 1, 1, 0),
(30, 'TAPLAK MEJA', 'BUAH', 1, 1, 0),
(31, 'KAMPER TOILET DAHLIA', 'PACK', 9, 9, 0),
(32, 'KAMPER TOILET INDOMARET', 'PACK', 10, 10, 0),
(33, 'KAMPER TOILET SWALLOW', 'PACK', 13, 15, -2),
(34, 'KANTONG PLASTIK', 'BUAH', 25, 20, 5),
(35, 'KERTAS HVS A4', 'RIM', 389, 345, 44),
(36, 'KERTAS HVS F4', 'RIM', 17, 9, 8),
(37, 'KEYBOARD M-TECH MTK-02', 'BUAH', 1, 0, 1),
(38, 'LAKBAN BESAR BENING', 'ROL', 18, 12, 6),
(39, 'LAKBAN BESAR HITAM', 'ROL', 9, 7, 2),
(40, 'LEAFLET ST2023', 'BUAH', 50, 50, 0),
(41, 'LEM KERTAS STICK BESAR', 'BUAH', 2, 2, 0),
(42, 'MAP BPS ST2023', 'BUAH', 455, 461, -6),
(43, 'MAP TALI PLASTIK', 'BUAH', 12, 11, 1),
(44, 'ORDNER 70 MM', 'BUAH', 248, 241, 7),
(45, 'PAGE MARKER PRONTO 5 COLOURS', 'PCS', 6, 21, -15),
(46, 'PEL LANTAI', 'BUAH', 2, 2, 0),
(47, 'PEMBERSIH KACA INDOMARET', 'BOTOL', 1, 1, 0),
(48, 'PEMBERSIH LANTAI SUPERPEL', 'BOTOL', 8, 10, -2),
(49, 'PEMBERSIH POSELEN & KERAMIK YURI PORSTEX', 'BOTOL', 14, 12, 2),
(50, 'PENGGARIS KENKO BESI 50 CM', 'BUAH', 1, 1, 0),
(51, 'PENGHAPUS PENSIL STAEDTLER RASOPLAST', 'BUAH', 4, 4, 0),
(52, 'PENGHARUM RUANGAN DAHLIA AIR FRESHENER', 'PCS', 8, 10, -2),
(53, 'PENGHARUM RUANGAN GLADE AIR FRESHENER', 'PCS', 16, 17, -1),
(54, 'PENGHARUM RUANGAN GLADE REFILL', 'BOTOL', 3, 3, 0),
(55, 'PENGHARUM RUANGAN STELLA AIR FRESHENER', 'PCS', 5, 6, -1),
(56, 'PENGHARUM RUANGAN STELLA BOTOL', 'BOTOL', 10, 12, -2),
(57, 'PENSIL 2B KENKO', 'BUAH', 20, 20, 0),
(58, 'POST-IT STICKY NOTES', 'PCS', 7, 7, 0),
(59, 'PULPEN STANDARD AE7 ZYRCON BALL', 'BUAH', 6, 1, 5),
(60, 'PULPEN STANDARD BOLDLINER PRO 0.8', 'BUAH', 13, 10, 3),
(61, 'PULPEN STANDARD P5 BLACK', 'PACK', 1, 1, 0),
(62, 'PULPEN ZEBRA HANA 4C', 'BUAH', 6, 6, 0),
(63, 'RAUTAN KECIL WARNA ZRM', 'BUAH', 23, 7, 16),
(64, 'SABUN CUCI PIRING MAMA LEMON', 'PCS', 17, 16, 1),
(65, 'SAPU LANTAI', 'BUAH', 12, 6, 6),
(66, 'SET CANGKIR & PIRING', 'SET', 1, 1, 0),
(67, 'SIKAT LANTAI NAGATA', 'BUAH', 1, 1, 0),
(68, 'SPON POLYTEX', 'BUAH', 1, 1, 0),
(69, 'STABILO BOSS', 'BUAH', 5, 5, 0),
(70, 'STAPLER HD-10 GREEBEL', 'BUAH', 10, 10, 0),
(71, 'STELLA AIO MULTIPACK', 'PACK', 5, 5, 0),
(72, 'TEA SET NIKURA', 'SET', 2, 2, 0),
(73, 'TEMPAT SAMPAH', 'BUAH', 5, 5, 0),
(74, 'TINTA EPSON 003 BLACK', 'BOTOL', 11, 4, 7),
(75, 'TINTA EPSON 003 CYAN', 'BOTOL', 5, 2, 3),
(76, 'TINTA EPSON 003 MAGENTA', 'BOTOL', 5, 2, 3),
(77, 'TINTA EPSON 003 YELLOW', 'BOTOL', 6, 2, 4),
(78, 'TINTA EPSON 008 BLACK', 'BOTOL', 11, 11, 0),
(79, 'TINTA EPSON 008 CYAN', 'BOTOL', 12, 7, 5),
(80, 'TINTA EPSON 008 MAGENTA', 'BOTOL', 13, 8, 5),
(81, 'TINTA EPSON 008 YELLOW', 'BOTOL', 13, 8, 5),
(82, 'TINTA EPSON 664 CYAN', 'BOTOL', 5, 4, 1),
(83, 'TINTA EPSON 664 MAGENTA', 'BOTOL', 4, 3, 1),
(84, 'TINTA EPSON 664 YELLOW', 'BOTOL', 4, 3, 1),
(85, 'TINTA EPSON 774 BLACK', 'BOTOL', 11, 4, 7),
(86, 'TISU 250S', 'BUAH', 139, 119, 20),
(87, 'TISU 200S', 'BUAH', 60, 62, -2),
(88, 'TRIGONAL PAPER CLIPS KENKO NO.3', 'BOX', 21, 21, 0),
(89, 'TRIGONAL PAPER CLIPS ZRM NO.3', 'BOX', 1, 1, 0),
(90, 'TRIGONAL PAPER CLIPS ZRM NO.5', 'BUAH', 4, 4, 0),
(91, 'MUG KERAMIK SP2020', 'BUAH', 14, 14, 0),
(92, 'KUESIONER ST23-L2 UTP', 'SET', 0, 0, 0),
(93, 'BUKU PED ST2023-UTP 2A.1', 'BUKU', 0, 0, 0),
(94, 'BUKU PED ST2023-UTP 3A.1', 'BUKU', 0, 0, 0),
(95, 'KUESIONER ST2023-UPB L2', 'SET', 0, 0, 0),
(96, 'KUESIONER ST2023-UTL L2', 'SET', 0, 0, 0),
(97, 'PENSIL ST23', 'BUAH', 69, 69, 0),
(98, 'BLOCK NOTEST23', 'BUAH', 69, 69, 0),
(99, 'PERUNCING ST23', 'BUAH', 69, 69, 0),
(100, 'BALLPOINTST23', 'BUAH', 69, 69, 0),
(101, 'PENGHAPUS ST23', 'BUAH', 69, 69, 0),
(102, 'CLIPBOARD ST23', 'BUAH', 119, 119, 0),
(103, 'GOODIEBAG SABLON ST23', 'BUAH', 69, 69, 0),
(104, 'ID CARD ST23', 'BUAH', 112, 112, 0),
(105, 'TALI ID CARD ST23', 'BUAH', 112, 112, 0),
(106, 'TOPI PETUGAS ST23', 'BUAH', 69, 69, 0),
(107, 'KALENDER DINDING 2024', 'BUAH', 43, 43, 0),
(108, 'KALENDER MEJA 2024', 'BUAH', 4, 4, 0),
(109, 'BUKU KERJA 2024', 'BUAH', 31, 31, 0),
(110, 'KUESIONER K SUSENAS', 'KUESIONER', 700, 700, 0),
(111, 'KUESIONER KP SUSENAS', 'KUESIONER', 700, 700, 0),
(112, 'KUESIONER SERUTI INTI', 'SET', 160, 160, 0),
(113, 'KUESIONER VSEN24.DSBS', 'SET', 65, 65, 0),
(114, 'KUESIONER VSEN24.P', 'SET', 65, 65, 0),
(115, 'KUESIONER VSEN24.DSRT', 'SET', 65, 65, 0),
(116, 'KUESIONER SP PALAWIJA UTAMA', 'KUESIONER', 11, 11, 0),
(117, 'KUESIONER SP PALAWIJA CADANGAN', 'KUESIONER', 2, 2, 0),
(118, 'KUESIONER SP-LAHAN UTAMA', 'KUESIONER', 11, 11, 0),
(119, 'KUESIONER SP-LAHAN CADANGAN', 'KUESIONER', 2, 2, 0),
(120, 'REKAP KAB/KOTA SP TANAMAN PANGAN', 'DOKUMEN', 1, 1, 0),
(121, 'SIKAT WC', 'BUAH', 2, 2, 0),
(122, 'TEMPAT TISU BULAT', 'BUAH', 3, 3, 0),
(123, 'TEMPAT TISU KOTAK', 'BUAH', 1, 1, 0),
(124, 'BODY WASH', 'BUAH', 1, 1, 0),
(125, 'TISU TOILET PACK', 'PACK', 33, 25, 8),
(126, 'LAMPU LED 8W', 'BUAH', 1, 1, 0),
(127, 'BATERAI R20', 'PACK', 1, 1, 0),
(128, 'KANTONG PLASTIK SAMPAH', 'PACK', 40, 22, 18),
(129, 'AMPLOP NO.90 KARDUS', 'BOX', 3, 2, 1),
(130, 'KERTAS KARTON MANILA', 'PACK', 1, 0, 1),
(131, 'LEM KERTAS STICK KECIL', 'BUAH', 11, 7, 4),
(132, 'KERTAS FOTO', 'PACK', 3, 3, 0),
(133, 'BINDER CLIP NO.105', 'BOX', 36, 22, 14),
(134, 'KERTAS HVS A3', 'RIM', 7, 6, 1),
(135, 'Daftar Sub-S Survei Ubinan 2024', 'SET', 320, 320, 0),
(136, 'SKB2023-Tahunan', 'SET', 4, 4, 0),
(137, 'SKB2023-Kelapa Dalam', 'SET', 48, 48, 0),
(138, 'Kuesioner Laporan Tahunan Perusahaan Penangkapan Ikan (Daftar-LTP)', 'SET', 3, 3, 0),
(139, 'Kuesioner Laporan Triwulan Pelabuhan Perikanan dan Tempat Pelelangan Ikan Tahun (Daftar PP-TPI)', 'SET', 12, 12, 0),
(140, 'KARPET', 'BUAH', 3, 0, 3),
(141, 'TALI RAFIA', 'ROLL', 1, 1, 0),
(142, 'TISU TOILET', 'GULUNG', 120, 120, 0),
(143, 'KEMOCENG', 'BUAH', 10, 6, 4),
(144, 'GANTUNGAN BESI', 'BUAH', 4, 2, 2),
(145, 'PENGHARUM RUANGAN STELLA REFILL', 'BUAH', 6, 6, 0),
(146, 'SPON', 'BUAH', 1, 1, 0),
(147, 'KESET KAKI', 'BUAH', 3, 4, -1),
(148, 'ISI STAPLES NO.10', 'BUAH', 51, 50, 1),
(149, 'KAMPER TOILET', 'PACK', 24, 22, 2),
(150, 'SABUN CUCI PIRING JERIGEN', 'JERIGEN', 5, 3, 2),
(151, 'BUKU KASUS BATAS KBLI 2020', 'BUKU', 38, 38, 0),
(152, 'KUESIONER SURVEI KONSTRUKSI TRIWULANAN (SKTR) 2024', 'SET', 30, 30, 0),
(153, 'AMPLOP COKLAT SURVEI KONSTRUKSI TA 2024', 'PCS', 12, 12, 0),
(154, 'SURAT PENGANTAR SURVEI KONSTRUKSI TA 2024', 'LEMBAR', 10, 10, 0),
(155, 'KUESIONER SURVEI KONSTRUKSI TAHUNAN (SKTH) 2023', 'SET', 38, 38, 0),
(156, 'KUESIONER PELATIHAN PETUGAS SURVEI EKONOMI PERTANIAN (SEP) 2024 UTP', 'SET', 22, 22, 0),
(157, 'KUESIONER PELATIHAN PETUGAS SURVEI EKONOMI PERTANIAN (SEP) 2024 UPB', 'SET', 2, 2, 0),
(158, 'KUESIONER PELATIHAN PETUGAS SURVEI EKONOMI PERTANIAN (SEP) 2024 UTL', 'SET', 2, 2, 0),
(159, 'PAPER CLIP NO.1', 'BOX', 26, 27, -1),
(160, 'PAPER CLIP NO.5', 'BOX', 3, 3, 0),
(161, 'PAGE MARKER SIGN HERE BESAR', 'PACK', 2, 2, 0),
(162, 'PAGE MARKER SIGN HERE KECIL', 'PACK', 16, 6, 10),
(163, 'KUESIONER IMK TAHUNAN 2024', 'SET', 1022, 1022, 0),
(164, 'KUESIONER VSLK24 VALAS 2024', 'SET', 4, 4, 0),
(165, 'KUESIONER VSLK24- KSP 2024', 'SET', 46, 46, 0),
(166, 'KUESIONER V-BUMD24', 'SET', 9, 9, 0),
(167, 'BUKU PEDOMAN PENCACAHAN SAKERNAS AGUSTUS 2024', 'BUKU', 30, 30, 0),
(168, 'MAINTENANCE BOX EPSON L15160', 'BUAH', 4, 2, 2),
(169, 'CARTRIDGE ORIGINAL CANON 325', 'BUAH', 4, 3, 1),
(170, 'CARTRIDGE ORIGINAL-CF217A', 'BUAH', 5, 3, 2),
(171, 'KAMPER TOILET SEAGULL', 'PACK', 8, 8, 0),
(172, 'BATERAI AAA ALKALINE', 'PACK', 3, 0, 3),
(173, 'BATERAI AA ALKALINE', 'PACK', 8, 10, -2),
(174, 'BATERAI A', 'BUAH', 1, 0, 1),
(175, 'PEMBERSIH LANTAI WIPOL', 'BUAH', 5, 6, -1),
(176, 'Kuesioner VSEN24.KP Susenas MSBP 2024 (Pelatihan Petugas)', 'Set', 24, 24, 0),
(177, 'Kuesioner VSEN24.KP Susenas MSBP 2024 (Pelaksanaan Lapangan)', 'Set', 176, 176, 0),
(178, 'Kuesioner VSEN24.MSBP Susenas MSBP 2024 (Pelaksanaan Lapangan)', 'Set', 176, 176, 0),
(179, 'Kuesioner VSEN24.MSBP Susenas MSBP 2024 (Pelatihan Petugas)', 'Set', 24, 24, 0),
(180, 'Kuesioner VSEN24.MHP Susenas MSBP 2024 (Pelatihan Petugas)', 'Set', 24, 24, 0),
(181, 'Kuesioner VSEN24.MHP Susenas MSBP 2024 (Pelaksanaan Lapangan)', 'Set', 176, 176, 0),
(182, 'Kuesioner VSEN24.PP Susenas MSBP 2024 (Pelatihan Petugas)', 'Set', 24, 24, 0),
(183, 'Kuesioner VSEN24.PP Susenas MSBP 2024 (Pelaksanaan Lapangan)', 'Set', 176, 176, 0),
(184, 'Kuesioner VSEN24.UTP Susenas MSBP 2024 (Pelatihan Petugas)', 'Set', 24, 24, 0),
(185, 'Kuesioner VSEN24.UTP Susenas MSBP 2024 (Pelaksanaan Lapangan)', 'Set', 176, 176, 0),
(186, 'Kuesioner VSEN24.UPB Susenas MSBP 2024 (Pelaksanaan Lapangan)', 'Set', 16, 16, 0),
(187, 'Kuesioner VSEN24.UTL Susenas MSBP 2024 (Pelaksanaan Lapangan)', 'Set', 16, 16, 0),
(188, 'Kuesioner L2.UPB Susenas MSBP 2024 (Pelatihan Petugas)', 'Set', 1, 1, 0),
(189, 'Kuesioner L2.UTL Susenas MSBP 2024 (Pelatihan Petugas)', 'Set', 1, 1, 0),
(190, 'Kuesioner L1.UPB Susenas MSBP 2024 (Pelaksanaan Lapangan)', 'Set', 16, 16, 0),
(191, 'Kuesioner L1.UTL Susenas MSBP 2024 (Pelaksanaan Lapangan)', 'Set', 16, 16, 0),
(192, 'BUKU PEDOMAN PENCACAHAN SURVEI KEUANGAN DESA (SKD) 2024', 'BUKU', 20, 20, 0),
(193, 'KUESIONER SKD 2024', 'SET', 20, 20, 0),
(194, 'SURAT TUGAS SKD 2024', 'LEMBAR', 20, 20, 0),
(195, 'KUESIONER L2.P Susenas MSBP 2024 (Pelaksanaan Lapangan)', 'Set', 176, 176, 0),
(196, 'KUESIONER L2.P Susenas MSBP 2024 (Pelatihan Petugas)', 'Set', 24, 24, 0),
(197, 'Kuesioner SAKERNAS UTAMA L2 Februari 2025 (Pelatihan)', 'SET', 24, 24, 0),
(198, 'Kuesioner SAKERNAS UTAMA L4 Februari 2025 (Pelatihan)', 'SET', 24, 24, 0),
(199, 'Kuesioner KP SAKERNAS Februari 2025 (Pelatihan)', 'KUESIONER', 24, 24, 0),
(200, 'Kuesioner SAKERNAS UTAMA L2 Februari 2025 (Pelaksanaan)', 'SET', 176, 176, 0),
(201, 'Kuesioner SAKERNAS UTAMA L4 Februari 2025 (Pelaksanaan)', 'SET', 176, 176, 0),
(202, 'Kuesioner KP SAKERNAS Februari 2025 (Pelaksanaan)', 'KUESIONER', 176, 176, 0),
(203, 'BUKU PEDOMAN PENCACAHAN SURVEI HARGA PERTANIAN PRODUSEN (SHPP) 2024', 'BUKU', 50, 50, 0),
(204, 'KUESIONER HARGA PERTANIAN PRODUSEN (SHPP) 2024', 'KUESIONER', 50, 50, 0),
(205, 'SURAT TUGAS SHPP 2024', 'LEMBAR', 50, 50, 0),
(206, 'Kuesioner SP PALAWIJA BULANAN 2024', 'KUESIONER', 12, 12, 0),
(207, 'Kuesioner SP HORTIKULTURA BULANAN 2024', 'KUESIONER', 12, 12, 0),
(208, 'Kuesioner SP LAHAN BULANAN 2024', 'KUESIONER', 12, 12, 0),
(209, 'BUKU PEDOMAN PENCACAHAN SURVEI HARGA KONSUMEN (SHK) 2024', 'BUKU', 2, 2, 0),
(210, 'KUESIONER HARGA KONSUMEN (SHK) 2024', 'KUESIONER', 2, 2, 0),
(211, 'SURAT TUGAS SHK 2024', 'LEMBAR', 2, 2, 0),
(212, 'KUESIONER VSEN24.M Susenas Maret 2024', 'SET', 250, 250, 0),
(213, 'KUESIONER VSEN24.KP Susenas Maret 2024', 'KUESIONER', 250, 250, 0),
(214, 'KUESIONER VSEN24.P Susenas Maret 2024', 'SET', 250, 250, 0),
(215, 'KUESIONER VSEN24.UTP Susenas Maret 2024', 'SET', 250, 250, 0),
(216, 'KUESIONER VSEN24.UPB Susenas Maret 2024', 'SET', 10, 10, 0),
(217, 'KUESIONER VSEN24.UTL Susenas Maret 2024', 'SET', 10, 10, 0),
(218, 'KUESIONER SAKERNAS AGUSTUS 2024 UTAMA L2 (Pelatihan)', 'SET', 24, 24, 0),
(219, 'KUESIONER SAKERNAS AGUSTUS 2024 UTAMA L4 (Pelatihan)', 'SET', 24, 24, 0),
(220, 'KUESIONER KP SAKERNAS AGUSTUS 2024 (Pelatihan)', 'KUESIONER', 24, 24, 0),
(221, 'KUESIONER SAKERNAS AGUSTUS 2024 UTAMA L2 (Pelaksanaan)', 'SET', 176, 176, 0),
(222, 'KUESIONER SAKERNAS AGUSTUS 2024 UTAMA L4 (Pelaksanaan)', 'SET', 176, 176, 0),
(223, 'KUESIONER KP SAKERNAS AGUSTUS 2024 (Pelaksanaan)', 'KUESIONER', 176, 176, 0),
(224, 'KUESIONER SAKERNAS AGUSTUS 2024 CADANGAN L2 (Pelaksanaan)', 'SET', 15, 15, 0),
(225, 'KUESIONER SAKERNAS AGUSTUS 2024 CADANGAN L4 (Pelaksanaan)', 'SET', 15, 15, 0),
(226, 'KUESIONER KP SAKERNAS AGUSTUS 2024 CADANGAN (Pelaksanaan)', 'KUESIONER', 15, 15, 0),
(227, 'BUKU PEDOMAN PENCACAHAN SURVEI HARGA PERTANIAN SUB PRODUSEN (SHPSP) 2024', 'BUKU', 50, 50, 0),
(228, 'KUESIONER SHPSP 2024', 'KUESIONER', 50, 50, 0),
(229, 'SURAT TUGAS SHPSP 2024', 'LEMBAR', 50, 50, 0),
(230, 'Kuesioner Susenas September 2024 VSEN24.M (Pelatihan Petugas)', 'Set', 24, 24, 0),
(231, 'Kuesioner Susenas September 2024 VSEN24.KP (Pelatihan Petugas)', 'Set', 24, 24, 0),
(232, 'Kuesioner Susenas September 2024 VSEN24.P (Pelatihan Petugas)', 'Set', 24, 24, 0),
(233, 'Kuesioner Susenas September 2024 VSEN24.UTP (Pelatihan Petugas)', 'Set', 24, 24, 0),
(234, 'Kuesioner Susenas September 2024 VSEN24.UPB (Pelatihan Petugas)', 'Set', 16, 16, 0),
(235, 'Kuesioner Susenas September 2024 VSEN24.UTL (Pelatihan Petugas)', 'Set', 16, 16, 0),
(236, 'Kuesioner Susenas September 2024 VSEN24.M (Pelaksanaan Lapangan)', 'Set', 176, 176, 0),
(237, 'Kuesioner Susenas September 2024 VSEN24.KP (Pelaksanaan Lapangan)', 'Set', 176, 176, 0),
(238, 'Kuesioner Susenas September 2024 VSEN24.P (Pelaksanaan Lapangan)', 'Set', 176, 176, 0),
(239, 'Kuesioner Susenas September 2024 VSEN24.UTP (Pelaksanaan Lapangan)', 'Set', 176, 176, 0),
(240, 'Kuesioner Susenas September 2024 VSEN24.UPB (Pelaksanaan Lapangan)', 'Set', 16, 16, 0),
(241, 'Kuesioner Susenas September 2024 VSEN24.UTL (Pelaksanaan Lapangan)', 'Set', 16, 16, 0),
(242, 'Kuesioner Seruti Inti VSERUTI24.INTI (Pelatihan Petugas)', 'Set', 24, 24, 0),
(243, 'Kuesioner Seruti Inti VSERUTI24.PER (Pelatihan Petugas)', 'Set', 24, 24, 0),
(244, 'Kuesioner Seruti Inti VSERUTI24.INTI (Pelaksanaan Lapangan)', 'Set', 160, 160, 0),
(245, 'Kuesioner Seruti Inti VSERUTI24.PER (Pelaksanaan Lapangan)', 'Set', 160, 160, 0),
(246, 'Kuesioner Susenas September 2025 VSEN25.M (Pelatihan)', 'Set', 160, 160, 0),
(247, 'Kuesioner Susenas September 2025 VSEN25.KP (Pelatihan)', 'Set', 160, 160, 0),
(248, 'Kuesioner Seruti Inti VSERUTI25.INTI (Pelatihan)', 'Set', 160, 160, 0),
(249, 'Kuesioner Susenas September 2025 VSEN25.M (Pelaksanaan)', 'Set', 160, 160, 0),
(250, 'Kuesioner Susenas September 2025 VSEN25.KP (Pelaksanaan)', 'Set', 160, 160, 0),
(251, 'Kuesioner Seruti Inti VSERUTI25.INTI (Pelaksanaan)', 'Set', 160, 160, 0),
(252, 'DOCUMENT TRAY', 'BUAH', 4, 4, 0),
(253, 'INDEX & MARKS 7 COLOR', 'PACK', 10, 3, 7),
(254, 'TINTA ISI ULANG STAMPEL 5CC', 'BUAH', 2, 1, 1),
(255, 'SABUN CUCI/DETERGENT', 'BUAH', 2, 1, 1),
(256, 'CARTRIDGE COMPATIBLE 6230', 'BUAH', 3, 1, 2),
(257, 'STAPLE REMOVER', 'BUAH', 7, 7, 0),
(258, 'LEM KERTAS CAIR', 'BUAH', 12, 0, 12),
(259, 'PAPER CLIP NO. 5 50 PCS', 'BOX', 10, 2, 8),
(260, 'PAPER CLIP NO.1 100 PCS (SILVER)', 'BOX', 20, 5, 15),
(261, 'BINDER CLIPS ZRM NO.200', 'BOX', 1, 0, 1),
(262, 'STABILO PACK', 'PACK', 2, 0, 2),
(263, '3M POST-IT STICKY NOTES', 'BUAH', 30, 0, 30),
(264, 'SPIDOL BESAR HITAM', 'BUAH', 10, 1, 9),
(265, 'Pronto Mark N Notes', 'BUAH', 10, 0, 10),
(266, 'EARPHONE', 'BUAH', 41, 4, 37),
(267, 'MOUSE WIRELESS', 'BUAH', 30, 20, 10),
(268, 'MOUSE', 'BUAH', 20, 10, 10),
(269, 'MOUSEPAD', 'BUAH', 30, 0, 30),
(270, 'KEYBOARD LOGITECH', 'BUAH', 1, 1, 0),
(271, 'PENGKI', 'BUAH', 2, 2, 0),
(272, 'KEMOCENG MICROFIBER', 'BUAH', 3, 3, 0),
(273, 'SAPU LANTAI NAGA', 'BUAH', 4, 4, 0),
(274, 'PEL LANTAI ULTIMA', 'BUAH', 2, 2, 0),
(275, 'SIKAT LANTAI NAGA', 'BUAH', 2, 2, 0),
(276, 'TEMPAT SAMPAH PLASTIK', 'BUAH', 5, 5, 0),
(277, 'PEMBERSIH KACA CLING', 'BOTOL', 3, 3, 0),
(278, 'HAND SOAP LIFESBUOY', 'PCS', 5, 5, 0),
(279, 'PEMBERSIH POSELEN & KERAMIK PORSTEX MERAH', 'BOTOL', 2, 2, 0),
(280, 'PEMBERSIH LANTAI WANGI', 'BOTOL', 3, 3, 0),
(281, 'PENGHARUM RUANGAN KANTOR', 'PCS', 2, 2, 0),
(282, 'TISU WAJAH 250S', 'BUAH', 2, 2, 0),
(283, 'BUKU KERJA 2022', 'BUKU', 2, 2, 0),
(284, 'MUG KERAMIK SP2021', 'BUAH', 10, 10, 0),
(285, 'MUG KERAMIK SP2022', 'BUAH', 10, 10, 0),
(286, 'IBS AMPLOP COKLAT KECIL (1)', 'SET', 20, 20, 0),
(287, 'IBS AMPLOP COKLAT SEDANG (1)', 'SET', 20, 20, 0),
(288, 'KUESIONER SAKERNAS UTAMA L2', 'SET', 176, 176, 0),
(289, 'KUESIONER SAKERNAS CADANGAN L2', 'SET', 15, 15, 0),
(290, 'KUESIONER SAKERNAS UTAMA L4', 'SET', 176, 176, 0),
(291, 'KUESIONER SAKERNAS CADANGAN L4', 'SET', 15, 15, 0),
(292, 'KUESIONER KP SAKERNAS', 'KUESIONER', 176, 176, 0),
(293, 'KUESIONER M SUSENAS', 'KUESIONER', 700, 700, 0),
(294, 'KUESIONER KP SUSENAS AGUSTUS', 'KUESIONER', 700, 700, 0),
(295, 'KUESIONER SERUTI INTI VSERUTI24.INTI', 'SET', 160, 160, 0),
(296, 'KUESIONER SERUTI INT VSERUTI24.PER', 'SET', 160, 160, 0),
(297, 'KUESIONER VSEN24.K', 'SET', 65, 65, 0),
(298, 'KUESIONER ST2023-UTP L4', 'SET', 0, 0, 0),
(299, 'KUESIONER SP-LAHAN SUSENAS', 'KUESIONER', 11, 11, 0),
(300, 'KUESIONER SP-PALAWIJA SUSENAS', 'KUESIONER', 11, 11, 0),
(301, 'REKAP KAB/KOTA SP KOMODITAS HOLTIKULTURA', 'DOKUMEN', 7, 0, 7),
(302, 'REKAP KAB/KOTA SP TANAMAN BUAH', 'DOKUMEN', 1, 0, 1),
(303, 'Kuesioner Susenas September 2025 VSEN25.M (Pelatihan)', 'SET', 1, 0, 1),
(304, 'Kuesioner Susenas September 2025 VSEN25.KP (Pelatihan)', 'SET', 2, 0, 2),
(305, 'Kuesioner Seruti Inti VSERUTI25.INTI (Pelatihan)', 'SET', 0, 0, 0),
(306, 'Kuesioner Susenas September 2025 VSEN25.M (Pelaksanaan)', 'Set', 12, 0, 12),
(307, 'Kuesioner Susenas September 2025 VSEN25.KP (Pelaksanaan)', 'Set', 8, 0, 8),
(308, 'Kuesioner Seruti Inti VSERUTI25.INTI (Pelaksanaan)', 'Set', 15, 0, 15),
(309, 'DOCUMENT TRAY', 'BUAH', 4, 4, 0),
(310, 'INDEX & MARKS 7 COLOR', 'PACK', 10, 3, 7),
(311, 'TINTA ISI ULANG STAMPEL 5CC', 'BUAH', 2, 1, 1),
(312, 'SABUN CUCI/DETERGENT', 'BUAH', 2, 1, 1),
(313, 'CARTRIDGE COMPATIBLE 6230', 'BUAH', 3, 1, 2),
(314, 'STAPLE REMOVER', 'BUAH', 7, 7, 0),
(315, 'LEM KERTAS CAIR', 'BUAH', 12, 0, 12),
(316, 'PAPER CLIP NO. 5 50 PCS', 'BOX', 10, 2, 8),
(317, 'PAPER CLIP NO.1 100 PCS (SILVER)', 'BOX', 20, 5, 15),
(318, 'BINDER CLIPS ZRM NO.200', 'BOX', 1, 0, 1),
(319, 'STABILO PACK', 'PACK', 2, 0, 2),
(320, '3M POST-IT STICKY NOTES', 'BUAH', 30, 0, 30),
(321, 'SPIDOL BESAR HITAM', 'BUAH', 10, 1, 9);

--
-- Indexes for dumped tables
--

--
-- Indexes for table `barang_atk`
--
ALTER TABLE `barang_atk`
  ADD PRIMARY KEY (`id_barang`);

--
-- Indexes for table `pegawai`
--
ALTER TABLE `pegawai`
  ADD PRIMARY KEY (`id_pegawai`),
  ADD UNIQUE KEY `nama_pegawai` (`nama_pegawai`) USING HASH;

--
-- Indexes for table `pemasukan`
--
ALTER TABLE `pemasukan`
  ADD PRIMARY KEY (`id_pemasukan`);

--
-- Indexes for table `pengeluaran`
--
ALTER TABLE `pengeluaran`
  ADD PRIMARY KEY (`id_pengeluaran`);

--
-- Indexes for table `stock_raw`
--
ALTER TABLE `stock_raw`
  ADD PRIMARY KEY (`id_stock`);

--
-- AUTO_INCREMENT for dumped tables
--

--
-- AUTO_INCREMENT for table `pemasukan`
--
ALTER TABLE `pemasukan`
  MODIFY `id_pemasukan` int(11) NOT NULL AUTO_INCREMENT, AUTO_INCREMENT=520;

--
-- AUTO_INCREMENT for table `pengeluaran`
--
ALTER TABLE `pengeluaran`
  MODIFY `id_pengeluaran` int(11) NOT NULL AUTO_INCREMENT, AUTO_INCREMENT=703;
COMMIT;

/*!40101 SET CHARACTER_SET_CLIENT=@OLD_CHARACTER_SET_CLIENT */;
/*!40101 SET CHARACTER_SET_RESULTS=@OLD_CHARACTER_SET_RESULTS */;
/*!40101 SET COLLATION_CONNECTION=@OLD_COLLATION_CONNECTION */;
